Track URI;Track Name;Album Name;Artist Name(s);Year;Genres;Record Label;;
spotify:track:5E8fsTZfvnj7tuRvCnV4SV;"""Todos Juntos - 2020 Remasterizado""";"""La Ventana (2020 Remasterizado)""";"""Los Jaivas""";1972;"""latin folklore";folclor andino;;
spotify:track:15T3otpUnJKin5njR8x0Tx;"""El Baile De Los Que Sobran""";"""Pateando Piedras""";"""Los Prisioneros""";1986;"""latin rock";"rock en español""";;
spotify:track:1xtBatmC1muBOY1RnUvP8Z;"""Déjate Caer""";"""La Espada & la Pared""";"""Los Tres""";1995;"""latin rock";rock en español;;
spotify:track:6hgHu5Cj3fFGMl8DPtZdWS;"""Baño De Mar A Medianoche""";"""La Incomparable""";"""Cecilia""";1967;"""rock and roll""";"""EMI CHILE""";;
spotify:track:6As9jWGwGowXeSd2OiQzeg;"""Miño""";"""Canción De Lejos""";"""Los Bunkers""";2003;"""latin rock";rock en español;;
spotify:track:7M9UVXh4U227MXzhSLD4Pp;"""Rock Del Mundial""";"""La Orq. De los Años Felices""";"""The Ramblers""";1962;"""latin rock";"""EMI CHILE""";;
spotify:track:33nztJSpoZityjQp6rMT22;"""El Derecho de Vivir en Paz""";"""El Derecho de Vivir en Paz""";"""Victor Jara""";1971;"""latin folklore";nueva trova;;
spotify:track:5U7MyRNbuZrWkyAI4bm3Ja;"""Gracias a la Vida""";"""Mi Chile Lindo""";"""Violeta Parra""";1966;"""latin folklore";nueva trova;;
spotify:track:5IB4B0YHXlOPIjYohcONVA;"""Yo La Quería""";"""Viva Chile""";"""Electrodomésticos""";1987;"""latin rock""";"""EMI Odeon Chilena S.A.""";;
spotify:track:6Od0ZaUyAAWwAvBvoDwKME;"""La muerte de mi hermano""";"""Kaleidoscope Men""";"""Los Mac's""";1971;"""psychedelic rock""";"""ARCI""";;
spotify:track:6r7phAWjhQ34OOBSASkUv6;"""En Todas las Esquinas""";"""Para los Arqueologos del Futuro""";"""Congreso""";1973;"""latin folklore";nueva trova;;
spotify:track:0VvwpKqD7cOYubrK030fGR;"""La Voz de los '80""";"""La Voz de los '80 (Edición 30 Años)""";"""Los Prisioneros""";1984;"""latin rock";"rock en español""";;
spotify:track:21fooaqsdHnfEX6I2xszdD;"""La Poderosa Muerte""";"""Alturas de Macchu Picchu""";"""Los Jaivas""";1981;"""latin folklore";folclor andino;;
spotify:track:02fBFDWJa1IbDAPbab0i3S;"""Tu Mamá Te Mató""";"""Mala Madre""";"""Camila Moreno""";1993;"""latin folk";trova;;
spotify:track:5EhButiJbrrRbO3qguSKkg;"""Cuando Respiro En Tu Boca""";"""Peces""";"""Lucybell""";1995;"""latin rock";"rock en español""";;
spotify:track:49f46dChfItxCvOd3LMDcP;"""Los Momentos""";"""Blops""";"""Los Blops""";1970;"""latin folklore";progressive rock;;
spotify:track:3XHg42QOqlevRU7jXRkAKk;"""El Duelo""";"""Invisible""";"""La Ley""";1995;"""rock en español";latin rock;;
spotify:track:4c307EUgnx8a4X28DlkUoa;"""Y Volvere""";"""Y Volvere""";"""Los Angeles Negros""";1969;"""bolero";"grupera""";;
spotify:track:3FPFhG6jDYBn3jp1Qcgped;"""La Corbata de Mi Tío""";"""Caída Libre""";"""Los Ex""";1991;"""latin rock""";"""Beast Discos""";;
spotify:track:3Dnn4G9z0VqWksQye13Cqe;"""Amar en el Campo""";"""Bailar y Llorar""";"""Teleradio Donoso""";2007;"""latin indie";"latin rock""";;
spotify:track:6ZycYCq5SAnZIgTMW5S0i4;"""Pure De Papas""";"""La Incomparable""";"""Cecilia""";2000;"""latin rock";"""EMI CHILE""";;
spotify:track:0bT09mbEB6Set7hRUXuEWb;"""Cuando Vuelvas""";"""Upa!""";"""Upa!""";2003;"""latin rock""";"""EMI Odeon Chilena S.A.""";;
spotify:track:2mjMjovgyCRqEdLAe4NGv9;"""Calibraciones (sin censura)""";"""Calibraciones (sin censura)""";"""Aparato Raro""";2005;"""latin rock""";"""Aparato Raro""";;
spotify:track:3tN9nucnARoyrX5WsKUrWz;"""En un Largo Tour""";"""Clima Humana""";"""Sol y Lluvia""";2005;"""latin folklore";folclor andino;;
spotify:track:0NhbvFZXkZPWxPcQdtVFLZ;"""Muevan Las Industrias""";"""Pateando Piedras""";"""Los Prisioneros""";1986;"""latin rock";"rock en español""";;
spotify:track:52Ae2wmEJQWDv9yLQKBUyd;"""Hijo Del Sol Luminoso""";"""1971-1982""";"""Congreso""";1977;"""latin folklore";nueva trova;;
spotify:track:6w8prGxDTuaO2auLOTbMa5;"""Quien Mato A Gaete?""";"""Quien Mato A Gaete?""";"""Mauricio Redoles""";1996;"""latin rock""";"""Sony Music Entertainment""";;
spotify:track:770iCtJ44DrmGsyo7aR26e;"""Demoniac Possession""";"""The Malefice""";"""Pentagram Chile""";1987;"""thrash metal";death metal;;
spotify:track:7zpNN01FLMP70EYGcxCCDY;"""Un Amor Violento""";"""Los Tres""";"""Los Tres""";1991;"""latin rock";rock en español;;
spotify:track:5gsfcMD9OV3hbNTMjzOorA;"""El Gavilan""";"""Cantos de Chile""";"""Violeta Parra""";1960;"""latin folklore";nueva trova;;
spotify:track:6hG3fEFetuAe3lWnwecMtr;"""Un Nuevo Baile - Remastered 2006""";"""Abajo En La Costanera (Remastered)""";"""Emociones Clandestinas""";1987;"""latin rock""";"""EMI Odeon Chilena S.A.""";;
spotify:track:3kSQjC7wqSkwESlPAS5XJr;"""Hospital""";"""Pettinellis""";"""Pettinellis""";1984;"""latin rock""";"""Musica y Entretenimiento""";;
spotify:track:0FauDhvAuanceOTIGQZAl4;"""Locura Espacial""";"""Rindanse Terricolas""";"""Chancho En Piedra""";1995;"""latin rock";"funk rock""";;
spotify:track:1dSWYkGqX9hv9xLdKYR2vk;"""Dame Luz""";"""Esperando Nada""";"""Nicole""";1997;"""latin rock""";"""BMG Music""";;
spotify:track:4Qs3OEgzBPGPmRR5QJ0UIs;"""Mi Equilibrio Espiritual""";"""31 Minutos""";"""31 Minutos";1997;"""pop rock";"""lullaby""";;
spotify:track:7t2dIq6b6fKluPuSnJajeA;"""Nonato Coo""";"""Nonato Coo""";"""Niños Del Cerro""";1999;"""latin indie";"neo-psychedelic""";;
spotify:track:57gcHVTTVxY4LN84KpPDpf;"""Doble Opuesto""";"""Doble Opuesto""";"""La Ley""";1991;"""rock en español";latin rock;;
spotify:track:0fbP8sQu1rEgT6RakeidoS;"""He Barrido el Sol""";"""Los Tres""";"""Los Tres""";1991;"""latin rock";rock en español;;
spotify:track:32zCRb0gJWxzULvUp4YjiP;"""Evol""";"""Vol.2""";"""Aguaturbia""";1997;"""psychedelic rock";"acid rock""";;
spotify:track:5xjomARNn4eeQ9yXVTIXBJ;"""Mágico""";"""Toque""";"""Joe Vasconcellos""";1999;"""latin rock";"latin alternative""";;
spotify:track:5QpK3POlui03rtsDxsfySv;"""Te Amo Tanto""";"""Corte en Trámite""";"""Javiera & Los Imposibles""";2010;"""latin rock""";"""Evolución Discos""";;
spotify:track:3M5dIqhYOkHLhvsjxLn05b;"""Simetría""";"""Conducción""";"""Ases Falsos""";2014;"""latin rock";"latin indie""";;
spotify:track:6iC3JkDH3Q1ga7CF5HJ3Zw;"""Sin Ti""";"""Sin Ti""";"""Frutos Del País""";2017;"""latin rock""";"""ARCI MUSIC""";;
spotify:track:09kFUWzSztmpz03eTLg7AW;"""En Mis Genes""";"""Nefertiti""";"""Protistas""";2014;"""latin indie";"latin alternative""";;
spotify:track:1z9xCoVQQ4lrc7Z21ec9hI;"""El Frio Misterio - Remaster 2002 / Album Version""";"""Grandes Exitos""";"""Electrodomésticos""";2002;"""latin rock""";"""EMI CHILE""";;
spotify:track:4skuEIloXWuxxgekKupkEH;"""Tu Falta De Querer""";"""Mon Laferte (Vol. 1)""";"""Mon Laferte""";2015;"""latin alternative""";"""Universal Music Mexico""";;
spotify:track:0qvCfchoFb3zWBK1bhvor3;"""Disco Blood""";"""Disco Blood""";"""Dorso""";1998;"""thrash metal";"speed metal""";;
spotify:track:1wGNjZQoO4Ac5zotF3aZTb;"""Bailando Solo""";"""La Velocidad de la Luz""";"""Los Bunkers""";2013;"""latin rock";rock en español;;
spotify:track:67MT6TA0UmanJIxZgKigAY;"""Caballos De Histeria""";"""Lucybell""";"""Lucybell""";1998;"""latin rock";"rock en español""";;
spotify:track:2dz5G8cubIlwFN6SJtj0rg;"""Sentimiento Original""";"""Gondwana""";"""Gondwana""";1997;"""reggae en español";reggae;;
spotify:track:27mMu4IDObWXEZxbHky8Md;"""Ayer""";"""Similia Similibus""";"""Los Santos Dumont""";1999;"""latin rock""";"""Beast Discos""";;
spotify:track:55b1Hh9baF7WA0UCiCzEPJ;"""Pichanga""";"""Weichafe""";"""Weichafe""";2002;"""latin rock""";"""Musica y Entretenimiento""";;
spotify:track:58fFlF7sOSo0eOgNajFWO9;"""Lophophora""";"""Marca Chancho""";"""Chancho En Piedra""";2000;"""latin rock";"funk rock""";;
spotify:track:1UbhlpwNlGdM3aOBHsj08v;"""Bolsa de Mareo""";"""Fome""";"""Los Tres""";1997;"""latin rock";rock en español;;
spotify:track:1OUlgbouy6BwG658XQ8efM;"""No Estar Aquí""";"""Traga!""";"""Fiskales Ad-Hok""";1995;"""punk";ska punk;;
spotify:track:5pgJEYwomjlOQjpKerjUZS;"""El Tuerca Go-go""";"""Canciones Funcionales""";"""Angel Parra""";1969;"""latin folklore";nueva trova;;
spotify:track:4L0yXM4VQDQOGqLkooqV1R;"""Cueca Sola""";"""Cortacalles""";"""Tenemos Explosivos""";2022;"""post-hardcore";melodic hardcore;;
spotify:track:572uC924WbnO4ABB2r1Edc;"""Esquemas Juveniles""";"""Esquemas Juveniles""";"""Javiera Mena""";2006;"""latin indie";electropop;;
spotify:track:57Rf3Hlz4nQxO2K4fWhZiE;"""Cómo no me va a doler""";"""Violenta Fortuna""";"""Alectrofobia""";2018;"""hard rock";"""Alectrofobia""";;
spotify:track:0E47pBZ2vm2NkEDKONAIuo;"""Reina Japonesa""";"""Por su Atención gracias""";" ""Fernando Milagros""";2009;"""indie pop";"""latin folk";;
spotify:track:6W1BLmVBxkqZwFQcORQLnv;"""Tren Al Sur""";"""Corazones""";"""Los Prisioneros""";1990;"""latin rock";"rock en español""";;
spotify:track:6HA0cETjAdZVme1VZvA5pf;"""Matar al Presidente""";"""Dime Qué Pasa""";"""La Floripondio""";2006;"""ska";reggae en español;;
spotify:track:13a4y2gmdbd3yzPTLv2bSS;"""Noche""";"""Sueños En Transito""";"""Nicole""";2017;"""latin rock""";"""BMG Music""";;
spotify:track:1Qp77m1Ai0jnuD7ojdYzr9;"""Freebola""";"""Glup! 1999""";"""Glup!""";1999;"""latin rock""";"""RCA Records Label""";;
spotify:track:49SpHaonnqks7taOwDfV6Z;"""Antipatriarca""";"""Vengo""";"""Ana Tijoux""";2014;"""latin hip hop""";"""Nacional Records""";;
spotify:track:37TLwDkDTWei9aM8kfp796;"""Mírame Solo Una Vez - Remasterizado 2023""";"""Ultrasol (Remasterizado 2023)""";"""Christianes""";2023;"""latin rock""";"""EMI Odeon Chilena S.A.""";;
spotify:track:718bFpoJt6XsqOxsnBQdLP;"""Amor Alternativo""";"""22 Exitos Pajarones""";"""Sinergia""";2001;"""latin rock";"funk rock""";;
spotify:track:65nV93sigCdLeN8XJ8wes8;"""Lo Que Quieras""";"""Música gramática""";"""Dënver""";2010;"""indie pop";2024-04-19T21:04:59Z;;
spotify:track:6Lg1r56wubG76t2fOF9iNa;"""Mira Niñita - 2020 Remasterizado""";"""La Ventana (2020 Remasterizado)""";"""Los Jaivas""";2020;"""latin folklore";folclor andino;;
spotify:track:6XgHYiaNyZJp8mUsaOezzM;"""Las Cosas Van Mas Lento""";"""Rayo Al Ojo""";"""Panico""";1997;"""rock alternativo";"""Panico""";;
spotify:track:7modUKFjYBv908P7h8WSSA;"""Acuario""";"""Acuario""";"""Manuel García""";2012;"""trova";nueva trova;;
spotify:track:0dFZjxL6drxK9oupqmF773;"""Sindrome Camboya""";"""Los Peores De Chile""";"""Los Peores De Chile""";1994;"""latin rock""";"""RCA Records Label""";;
spotify:track:3UUtewTLgASbX6afOBHAeQ;"""El crack""";"""Corazón de Chileno [Canciones para Alentar a la Roja] - EP""";"""Los Miserables""";2003;"""latin rock";ska punk;;
spotify:track:3zswqlBO4WgGAbSLvMpOn1;"""Hay Un Limite""";"""Aleste""";"""Aleste""";1994;"""latin rock""";"""Universal Music Chile""";;
spotify:track:7tw6XcaBNEjXYKhSEGRVR0;"""Limito Con el Sol""";"""Campos Finitos""";"""Saiko""";2001;"""latin rock""";"""EMI CHILE""";;
spotify:track:5Oh5yk9wYAUK1vdauMdHND;"""Hijos De La Miseria""";"""Dead Soul""";"""Criminal""";1997;"""groove metal";thrash metal;;
spotify:track:375fFsG02nH7OmeJrhbUQ7;"""Dulce""";"""Muérdete La Lengua (Edición Especial)""";"""Francisca Valenzuela""";2007;"""latin rock""";"""Frantastic Records""";;
spotify:track:1s3hhjW3QGCzTECyXZxu39;"""La Enredadera""";"""Los Accidentes Del Futuro""";"""Leo Quinteros""";2007;"""indie pop";"""Taka Taka Records""";;
spotify:track:649L5nomqccj0jQCm9ZiZX;"""Oscar Wilde - Remasterizado 2021""";"""Fictions (Remasterizado 2021)""";"""Los Vidrios Quebrados""";2021;"""garage rock""";"""ARCI""";;
spotify:track:41JMshHJExQtMdpuugABYB;"""Lo Que Mereces""";"""Las Horas""";"""Saiko""";2006;"""latin rock""";"""Saiko""";;
spotify:track:5qWW6PPLL6yjnlFZxy93et;"""Santa Lucía - 2022 Remasterizado""";"""La Rata Bluesera 20 años Edición Especial (2022 Remasterizado)""";"""La Rata Bluesera""";2022;"""blues";"latin rock""";;
spotify:track:2UJJvmZfcuWimFaigK9tQf;"""Adolfo y Benito";" Augusto y Toribio""";"""En el Bunker""";1989;"""rock alternativo";"""jazz fusion";;
spotify:track:5dXxcmq9yFPcPw8R1wsP4Y;"""Con la Mano en la Biblia""";"""La Historia""";"""Los Golpes""";2006;"""balada romantica";"""Plus Music Records""";;
spotify:track:3Mx4MDJLqsXKyD6GK5SA6v;"""Copenhaguen Schtorba""";"""Akinetón Retard""";"""Akinetón Retard""";1999;"""experimental jazz";jazz fusion;;
spotify:track:6SCPtQ0YEXKn7yh7OUM7WW;"""El Cielito De Mi Pieza""";"""1971-1982""";"""Congreso""";1982;"""latin folklore";nueva trova;;
spotify:track:6uO8qytPVk6ne1xDdBeqnY;"""Los Cometas""";"""El Vuelo del Pillán""";"""Kuervos del Sur""";2016;"""latin rock""";"""Altafonte bajo licencia exclusiva de Kuervos del Sur""";;
spotify:track:6fz4U560X7yuH8SUqF6MJm;"""Por Costumbre - 2017 Remaster""";"""Play/Replay""";"""Solar""";2017;"""latin rock""";"""Mapa Records""";;
spotify:track:1BrGFEF1grdFt08NVPUBEN;"""Buitres""";"""Remoto Control""";"""Matorral""";2013;"""rock alternativo";"""Cápsula Discos""";;
spotify:track:634sIbiTxbS3k3D1nOBd0Y;"""Maestro Distorsión""";"""Le Disc de Astrou""";"""Astro""";2009;"""latin indie";"latin alternative""";;
spotify:track:3BDwAworusOI74Qc8kmtke;"""Del volar de las palomas""";"""La revolucion de las flores""";"""Los Blops""";1971;"""latin folklore";progressive rock;;
spotify:track:273RiyloYbmnFHKORe6Rpr;"""Cancion Pacifico-Violenta""";"""Buscando Chilenos Vol. 1""";"""Sexual Democracia""";1990;"""latin rock""";"""Alerce""";;
spotify:track:6EYVI4zwxzP3EnViyiI5x0;"""Millones""";"""Almismotiempo""";"""Camila Moreno""";2009;"""latin folk";trova;;
spotify:track:6iG20hjfwtlS4CVuycLEyp;"""Esas Mañanas - Bonus Track""";"""Jorge Gonzalez""";"""Jorge González""";1993;"""latin rock""";"""EMI CHILE""";;
spotify:track:6DMJgEypZO4WnIFWPSwkbt;"""Morder""";"""Grandes Éxitos""";"""De Saloon""";2004;"""latin rock""";"""De Saloon""";;
spotify:track:6UbAzavTNvySHWrETLFryF;"""Vacaciones en el Más Allá""";"""Cripta y Vida""";"""Pedropiedra""";2011;"""latin indie";"latin rock""";;
spotify:track:0LJgnWjRvbM60ieEVAJcAO;"""Día Cero""";"""Invisible""";"""La Ley""";1995;"""rock en español";latin rock;;
spotify:track:4wWl4cuH2UQqIkpZg1BBhX;"""Humedad""";"""Corte en Trámite""";"""Javiera & Los Imposibles""";1995;"""latin rock""";"""Evolución Discos""";;
spotify:track:5TXzVBQj31PD1YIS2Ll1mp;"""Sanatorio""";"""Delusional""";"""BBS Paranoicos""";2019;"""melodic hardcore";punk;;
spotify:track:7rkqFCWk4vhvfL4KJcX1lW;"""De un Extranjero""";"""Manduka""";"""Manduka""";1997;"""folk";"""Arci Music""";;
spotify:track:4kbb2FdpFOJNqFJS8xjzCF;"""Waterfall""";"""Vol.2""";"""Aguaturbia""";2011;"""psychedelic rock";"acid rock""";;
spotify:track:3NJRgHeqBfHW8EI7ZYpg0z;"""Estrechez De Corazón""";"""Corazones""";"""Los Prisioneros""";1990;"""latin rock";"rock en español""";;
spotify:track:5RQIFZ25QheLbSLGDxfxzo;"""Namás""";"""Gepinto""";"""Gepe";2013;"""folk";"""latin indie";;
spotify:track:1iCVobzc6lYXEdvTN0bloD;"""La Conquistada""";"""Los Jaivas""";"""Los Jaivas""";1979;"""latin folklore";folclor andino;;
spotify:track:7IvHuh3TYgeQa3Wj3gMrAK;"""Por Ella""";"""Historias De La Calle""";"""GUFI""";2000;"""latin rock""";"""Volador""";;
spotify:track:6NwchOKm2861OadTosSbD3;"""Caballero Negro""";"""Caballero Negro""";"""Feedback Chile""";2000;"""speed metal""";"""Pra & Rocktop Records""";;
spotify:track:1TmhcMiKugkz7bfryEJGR3;"""Hacia el Fondo""";"""Pez""";"""Rubio""";1997;"""latin indie""";"""Rubio""";;
spotify:track:1CP8j9qn2pxY85lBV59sX6;"""Pisagua 1973""";"""25 Años y Todo Sigue Igual""";"""Los Miserables""";1977;"""latin rock";ska punk;;
spotify:track:0GnZe0T0bF4ZnkVXYHFvK6;"""El Sonido""";"""El Sonido""";"""Guiso""";1997;"""garage rock""";"""Sello Algorecords""";;
spotify:track:6BhCYG1npuuuXnwCicz1sR;"""Vete""";"""Peces""";"""Lucybell""";2003;"""latin rock";"rock en español""";;
spotify:track:36VJrVTuKwedxqftzsIXXU;"""Canción para mañana""";"""La Culpa""";"""Los Bunkers""";2008;"""latin rock";rock en español;;
spotify:track:2lqmQNbNZUVwGu6M4d3Ggn;"""Muérdete La Lengua""";"""Muérdete La Lengua (Edición Especial)""";"""Francisca Valenzuela""";1997;"""latin rock""";"""Frantastic Records""";;
spotify:track:5LKPu4OSlchWX1N0UZ95Bi;"""Sinfonia de Cuna""";"""Peor Es Mascar Lauchas""";"""Chancho En Piedra""";1971;"""latin rock";"funk rock""";;
spotify:track:6iv2RejVrtRlzbz6XfLD02;"""Ciudad Traicionera""";"""Taxi para 3""";"""Joe Vasconcellos""";1987;"""latin rock";"latin alternative""";;
spotify:track:0wj12fTADisqnICDGyMgHh;"""Columpio""";"""Paraiso""";"""Adelaida""";2003;"""shoegaze";"latin indie""";;
spotify:track:2xpd52DVf5Eq8L8vLvScGk;"""Contigo""";"""Lance""";"""Niños Del Cerro""";1995;"""latin indie";"neo-psychedelic""";;
;"""Menta";" miel y sangra""";"""Vampiros""";1995;"""rock gotico";2024-04-19T21:39:04Z;;
spotify:track:2LPwCxN5T5rTCU3PTOdMvS;"""Chilenada""";"""Dracma""";"""Dracma""";1976;"""nu metal";"rap metal""";;
spotify:track:0o0DyTpVblyB3KXKVOJtLu;"""Fé""";"""Fe""";"""Mamma Soul""";2010;"""soul";"""EMI CHILE""";;
spotify:track:0X95YZY5tGIxfx5k5XnfVL;"""Éramos Todos Felices""";"""Bailar y Llorar""";"""Teleradio Donoso""";2008;"""latin indie";"latin rock""";;
spotify:track:7diAQCsv2v3aDiFc4IuMLG;"""Señora Civilizada""";"""Señoras""";"""Los Valentina""";1984;"""latin indie""";"""Piloto""";;
spotify:track:5nSyefH3k7dpjK1xPuZXah;"""La Escoba""";"""Cumbia Chilombiana""";"""Chico Trujillo""";1995;"""cumbia";chicha;;
spotify:track:7wY9Vf8nZDbFC97ZoikUbM;"""Laurel""";"""El día libre de Polux""";"""Chini.png""";2001;"""latin indie";"art rock""";;
spotify:track:2jWRTma0tFontD1X7e7G5B;"""El Twist del Esqueleto""";"""Impacto N° 3""";"""Hermanos Arriagada""";1997;"""bolero""";"""Latin Music Record""";;
spotify:track:6XeYyIBxD5FES4Pmc2vtjG;"""Demadness""";"""Improve the Silence""";"""Dogma""";2002;"""groove metal""";"""Toxic""";;
spotify:track:2s3Vw9U7RGza0UKt7NeVSj;"""Sonic Redemption""";"""Daybreak""";"""The Ganjas""";2004;"""space rock";stoner rock;;
spotify:track:6HV2i2XhsPXujockvUkqTf;"""Zapatillas""";"""Amanda""";"""El Cómodo Silencio De Los Que Hablan Poco""";2003;"""latin indie""";"""Disco Intrépido""";;
spotify:track:7qXsSruTL4u0X30bHMmaAT;"""Pájaros de fuego""";"""Los Tres""";"""Los Tres""";2006;"""latin rock";rock en español;;
spotify:track:2Zu7fuz7Ao2QND7OQpIeKt;"""Disparan (Fill the Skies)""";"""Disparan (Fill the Skies)""";"""Como Asesinar a Felipes";2007;"""hip hop""";"""hip hop""";;
spotify:track:2gAcCepS8mKQwDnc5CHUef;"""Confío""";"""Persona""";"""Jirafa Ardiendo""";2011;"""neo-psychedelic""";"""Disco Intrépido""";;
spotify:track:4ljxScl9mHiMwfwjLbXexV;"""Mawiza Ñi Piwke""";"""Kollong""";"""Mawiza""";2019;"""groove metal";"folk metal""";;
spotify:track:2FvjOgChSYk5GCijmWbKMb;"""La Matanza de Corpus Christi""";"""Derrumbe y Celebracion""";"""Tenemos Explosivos""";1971;"""post-hardcore";melodic hardcore;;
spotify:track:7gYpwt0z7gX3XJrEd3vRbw;"""Hijos del Peligro""";"""La Sombra""";"""( Me Llamo ) Sebastián""";1997;"""latin folk";"latin indie""";;
spotify:track:0MkwaxQXpUMfjtJbcZHubr;"""El sonido de los helicópteros""";"""Dialéctica Negativa""";"""Asamblea Internacional Del Fuego""";2015;"""screamo";post-hardcore;;
spotify:track:4tlcX4PcsqmRKfZq7cGPhM;"""Las Meninas""";"""Mecanica Popular""";"""Mecanica Popular""";1992;"""latin rock";"trova""";;
spotify:track:0ikDcCBCWv4IjdOpimKiH4;"""De Doble Filo""";"""Comenzara De Nuevo""";"""Como Asesinar a Felipes""";1985;"""experimental hip hop";"jazz rap""";;
spotify:track:4FzHvtkHowFwH9vXuDZRPJ;"""Has Sabido Sufrir""";"""La Nueva Canción Chilena""";"""Electrodomésticos""";1971;"""latin rock""";"""Electrodomésticos""";;
spotify:track:5YnyqAzEqPIspbfFEGdAhB;"""Canto Sin Nombre""";"""Embrujo""";"""Embrujo""";1970;"""art rock""";"""Planet Blue Records USA""";;
spotify:track:0FN8k6UEPL90YR4DI3neeZ;"""El Bosque""";"""Aves de Chile""";"""Niño Cohete""";2008;"""latin indie";"latin folk""";;
spotify:track:6tiIpsIQWiJPQuCh0lxFhd;"""Nueva Sociedad""";"""La Leyenda de los Jockers""";"""Los Jockers""";1984;"""rock and roll""";"""Arci Music""";;
spotify:track:6ygf36lTU1bMocl46hZOAG;"""2022""";"""Justo y Necesario""";"""Fother Muckers""";2014;"""latin indie";"latin rock""";;
spotify:track:1MAUVCQleJfGqSH2F5Xf4Z;"""Te Quiero""";"""Lo Mejor de Pat Henry y los Diablos Azules""";"""Pat Henry Y Los Diablos Azules""";2018;"""pop rock";"""Suramericana Del Disco C.A.""";;
spotify:track:0bp2ufjj6T5v23OfflfEVd;"""Reptil No Gentil""";"""Amigurumi""";"""Playa Gótica""";2000;"""latin indie";alternative dance;;
spotify:track:1lxGbVZfRVwAt4e3P1HQlh;"""Blues de Santiago""";"""Bello Barrio""";"""Mauricio Redoles";1970;"""rock";"""latin rock";;
spotify:track:7lRKE7AYuKqsUrDg0L0rsQ;"""Nunca Jamás""";"""Los Bric a Brac""";"""Los Bric a Brac""";1999;"""pop rock";"""ARCI""";;
spotify:track:7tOAN6w4a1LD0iqkRnIrhZ;"""1977""";"""1977""";"""Ana Tijoux""";2009;"""latin hip hop""";"""Nacional Records""";;
spotify:track:5LYqZtogscsMDzecFsPdJV;"""Si Somos Americanos""";"""Panal""";"""Panal""";1987;"""latin rock""";"""WRECORDS""";;
spotify:track:4HsIQLLPaVc4hwYYsRESN2;"""Rock N Roll Addiction""";"""Crol (Vivo o Muerto)""";"""Panzer Chile""";2005;"""heavy metal";"""Juanzer Records""";;
spotify:track:6yhQPC5CpIRkjsPR0YYlGd;"""Las cosas simples""";"""Weichafe""";"""Weichafe""";2010;"""latin rock""";"""Musica y Entretenimiento""";;
spotify:track:1MOz8heM3N6Qepr16NtKrt;"""Cuando Miro En Tus Ojos""";"""Informe Saiko""";"""Saiko""";1970;"""latin rock""";"""EMI CHILE""";;
spotify:track:6Baq1ePlW4D8Ewsl8dFwzu;"""Justicia""";"""Patrimonio""";"""Tryo""";2016;"""progressive rock";progressive metal;;
spotify:track:6W7c7B526zf3zAF3tptnyG;"""Blues A Dos Mujeres""";"""La Rue Morgue""";"""La Rue Morgue""";1995;"""latin rock""";"""Sony Music Entertainment""";;
spotify:track:3oD73KdaKOeRwpvph3znhM;"""En Mi Lugar""";"""Congelador""";"""Congelador""";2008;"""latin indie""";"""Quemasucabeza""";;
spotify:track:4SUxFLdV6bGJ6ITrseAzNW;"""Sí Po'""";"""De Algo Hay Que Morir""";"""Diego Lorenzini""";2005;"""latin indie""";"""Uva Robot""";;
spotify:track:3mxmtIpszltDrteIBE98lx;"""Salón De Emociones""";"""Viena""";"""Viena""";2010;"""latin rock""";"""EMI Odeon Chilena S.A.""";;
spotify:track:7Fg40aipfVUgFvUfrUzn80;"""Incendie""";"""Panal""";"""Camila Moreno""";2013;"""latin folk";trova;;
spotify:track:4dCrW7sO0ZaFTziu4ZwCAu;"""Sacar la Basura""";"""Caída Libre""";"""Los Ex""";2000;"""latin rock""";"""Beast Discos""";;
spotify:track:3EkrzuhAgUW4M9fE6wahzA;"""Viento""";"""Viento""";"""Yorka";1973;"""indie pop";"""indie";;
spotify:track:2Rcz5kbNw9lzNfVBAznhGu;"""El Cóndor""";"""Fiskales Ad-Hok""";"""Fiskales Ad-Hok""";1975;"""punk";ska punk;;
spotify:track:6ftHPJyEHGqMaml3ZEwPm1;"""Llueve Sobre La Ciudad""";"""Vida De Perros""";"""Los Bunkers""";2007;"""latin rock";rock en español;;
spotify:track:322LgcUL3uhHbpUQP57WUF;"""Shock""";"""La Bala""";"""Ana Tijoux""";2011;"""latin hip hop""";"""Nacional Records""";;
spotify:track:5zcz6UnJ38dZ0qaNt40cuR;"""Dificil""";"""Mil Recuerdos""";"""Alan Y Sus Bates""";2005;"""rock and roll""";"""ARCI""";;
spotify:track:1ojsn5WBIELDuAAahv55xR;"""Despiertame""";"""Sueños En Transito""";"""Nicole""";2000;"""latin rock""";"""BMG Music""";;
spotify:track:7befTdwSsUM1MujlI9ak5b;"""Transpiralo""";"""Subliminal Kill""";"""Panico";2002;"""rock alternativo";"""electroclash""";;
spotify:track:7HQKdftOupOZb6xsxIWKnG;"""Aunque Se""";"""Aquel Beso""";"""Luz Eliana""";2001;"""balada";"""Rutvel Music Group";;
spotify:track:6bTpbSkKqpmbxtxUuRUoe0;"""Aire""";"""Elso Tumbay""";"""Elso Tumbay""";1995;"""latin alternative""";"""Beast Discos""";;
spotify:track:0I4yBcnnswDmSndzb1zYBg;"""CH-7""";"""Hawaii""";"""Aisles""";1984;"""progressive rock";progressive metal;;
spotify:track:6f0RM2KnIL0ei9HfQCmKX7;"""Mi Compromiso""";"""Boda Negra""";"""La BIG Rabia""";1999;"""bolero";"son jarocho""";;
spotify:track:7tuACuijPSvfCR78bRY5Lh;"""Corazón Desilucionado""";"""Hogar Dulce Hogar""";"""Machuca""";2010;"""latin rock";punk;;
spotify:track:0YLkH00Doh7W1IEEo9BA71;"""La Bala""";"""La Makinita""";"""Juanafé""";2014;"""cumbia""";"""Juanafé""";;
spotify:track:1rXl4pZQWZva8whEQENrI9;"""Hijos de la Tierra""";"""Hijos de la Tierra""";"""Los Jaivas""";1981;"""latin folklore";folclor andino;;
spotify:track:2SJZdhRHQEICu2dbzRPKpa;"""No Sabes Que Desperdicio Tengo en el Alma""";"""Se Remata el Siglo""";"""Los Tres""";1997;"""latin rock";rock en español;;
spotify:track:5F1qBUKeV22jGhX7oIrOUf;"""Apatrida""";"""Apatrida""";"""Nuclear""";2014;"""thrash metal";groove metal;;
spotify:track:0ip3MFKPt3q8ct6tjxU9XC;"""Corazón De Sandía""";"""Mama Funk""";"""Los Tetas""";2013;"""latin rock";funk rock;;
spotify:track:2I2Tui8iHDWnUaJr02LWYB;"""La Señal""";"""Imposible""";"""Rama""";2005;"""nu metal";"rap metal""";;
spotify:track:5F38bWepavLdPnAP0s22Xo;"""We Are Sudamerican Rockers""";"""Ni Por La Razón";" Ni Por La Fuerza (Edición Especial)""";1984;"""latin rock";"""latin rock";;
spotify:track:115aU4mUhsHVAoUlTqWnKP;"""La Fuerza Policial""";"""Pateando Craneos""";"""2X""";1993;"""nu metal";"rap metal""";;
spotify:track:6OPZsbZyZo0N4kLmyzWw1j;"""Electroshock""";"""Visceral""";"""LiLiTS""";1999;"""latin indie""";"""Independiente""";;
spotify:track:6Nmqg6NayPzIHUpWDGUSyL;"""Horas contigo""";"""AMOR MINIMAL""";"""Cancamusa""";2015;"""latin indie""";"""SinclaviRecords""";;
spotify:track:62AJURuozndxVn9IcVxICK;"""Embustera""";"""Nosotros Somos""";"""Los Tigres""";1997;"""musica norteña";"""EMI CHILE""";;
spotify:track:6i00EcnNhf2Vor47rEHcpu;"""Sleep"; Work;" Eat""";2019;false;12134291227;;
spotify:track:4APAeNJuMjjsKh155KcwA5;"""Tómbola""";"""Monna Bell Vol.2: Sus EP's en Hispavox (1961-1965)""";"""Monna Bell""";2014;"""bolero""";"""Rama Lama""";;
spotify:track:2Boj9Hlsx7Z61TwWrcJ7Qj;"""Qué Pacho""";"""Cerrado Con Llave""";"""González y los Asistentes""";1995;"""latin rock";"spoken word""";;
spotify:track:2nrdxMY3n4DHvmkwix4Ieq;"""Tony Manero""";"""Tumbao Rebelde""";"""Santo Barrio""";1999;"""ska";ska punk;;
spotify:track:4iLjYx9Zcijv6QmRJYhegx;"""Ausencia""";"""Ausencia (Remastered)""";"""Nadie""";1997;"""latin rock""";"""Emi Odeón Chilena S.A.""";;
spotify:track:2VsUpIcml3SnvLfxar58rG;"""Klara""";"""Que Salgan los Dragones""";"""Chinoy""";1993;"""trova";nueva trova;;
spotify:track:2FMqDh4Ul5Xm0YDQZUD1B8;"""Estás Borracho""";"""El Ataque de Zorrita""";"""Venus""";2004;"""latin rock""";"""Bmg""";;
spotify:track:3LseXfZ4ZTiKab1fBNG7VX;"""La Puta Esperanza""";"""Las Torres de Sal""";"""Nano Stern""";1993;"""trova";latin folk;;
spotify:track:4WZII0yn1CSqW4ykwyCoB2;"""Eden""";"""La Dieta del Lagarto""";"""Chancho En Piedra""";2004;"""latin rock";"funk rock""";;
spotify:track:0gWHg31biasRElqCjQ8RuM;"""Sube a Nacer Conmigo Hermano""";"""Alturas de Macchu Picchu""";"""Los Jaivas""";1981;"""latin folklore";folclor andino;;
spotify:track:2hqEl8h5YQbCZRzo6ANgEm;"""Triza""";"""Amor Celeste Imperial""";"""Amanitas""";2015;"""latin indie";"latin alternative""";;
spotify:track:5ihkE5kMVm3hKSE1KLbNeF;"""Hay un fuego""";"""Hay un fuego""";"""Natisú""";2010;"""latin indie""";"""Independiente""";;
spotify:track:50LcxeIZmfgpxdeNbTxZno;"""Endless Eyes""";"""Spark (Deluxe Edition)""";"""Alain Johannes""";2014;"""folk";"""Alain Johannes""";;
spotify:track:6oBDpo9sLOzI72YCcolIPV;"""Estrecha a tu hermano - Remasterizado 2021""";"""Viene... (Remasterizado 2021)""";"""Congregacion""";1975;"""candombe";"latin folklore""";;
spotify:track:2el13qIMOd8cripOqNohGB;"""Mataz""";"""Viajar""";"""Lucybell""";2016;"""latin rock";"rock en español""";;
spotify:track:3Z3sII9qUeih5wnRfOwv9h;"""Luz""";"""Tostado""";"""Perrosky""";2010;"""latin indie""";"""Sello Algorecords""";;
spotify:track:5Tz6nsiQ6dWKAMyyMyXFCi;"""Claroscuro""";"""Apgar:0""";"""Rekiem""";1999;"""nu metal";"rap metal""";;
spotify:track:4EFyQYoO9SUHo712A4wrOM;"""Eternos Días de Invierno""";"""Sanbernardo""";"""Malcorazón""";2003;"""pop rock";"""Alerce""";;
spotify:track:4wC9gXERsGfQdVgLvlWbEA;"""Oleo""";"""Encuentros Cercanos""";"""Sien";2009;"""rock";false;;
spotify:track:6VaTebOeKrAl4yMwEFwoJ0;"""Morir Aquí""";"""Terra Ancestral""";"""Crisálida""";2013;"""progressive rock";"progressive metal""";;
spotify:track:4wocSkmZnED0BlxTQrxy79;"""Genio y Figura""";"""Genio y Figura""";"""Ocho Bolas""";1995;"""punk rock";"""MúsicadelSur""";;
spotify:track:2CsFJYtN6kbVTgOMFRzoii;"""Orgasmo para Dos""";"""Tornasol""";"""Mon Laferte""";1987;"""latin alternative""";"""Independiente""";;
spotify:track:5NL0SXbEMtWkAVmzjQV8s5;"""Cordillera""";"""Amiga""";"""Alex Anwandter""";2012;"""latin indie";latin alternative;;
spotify:track:74bF0QbGKjWxgLkUY4hjWr;"""Crepúsculo""";"""Omi""";"""Tobias Alcayota""";1999;"""musica experimental";"""Tobias Alcayota""";;
spotify:track:4yUNuWOVz2ABSIaXKWGh6E;"""Te Enojai por Todo""";"""22 Exitos Pajarones""";"""Sinergia""";2007;"""latin rock";"funk rock""";;
spotify:track:7gUfZ0jWOxqbtgPxFbWvjW;"""Hasta Poder Respirar""";"""Porvenir""";"""Kuervos del Sur""";2013;"""latin rock""";"""Altafonte bajo licencia exclusiva de Kuervos del Sur""";;
spotify:track:1HTFA18BY5BmiinxbZJeMe;"""Hablé Con Dios""";"""Historias de un Hijo del Blues""";"""La Banda del Capitan Corneta""";1997;"""latin rock""";"""Oveja Negra""";;
spotify:track:4NjSjZlZ5CjKkJC5eqC012;"""Proverbios""";"""Grandes Versiones""";"""Javiera Parra""";1977;"""latin rock""";"""RCA Records Label""";;
spotify:track:6vkSkhVYmRUXbFVLa6W8zG;"""Ruidos""";"""Capital""";"""BBS Paranoicos""";1987;"""melodic hardcore";punk;;
spotify:track:3IkU7FVNlH9Vri8jDStNG7;"""El Mal de Garrison""";"""Tire y Empuje""";"""Miss Garrison""";2005;"""latin indie";"latin alternative""";;
spotify:track:3iqZ8k8IDHQ7964JUjAtXn;"""El Viejo Que Bailaba """"El Nuevo Estilo de Baile""""""";"""Mi Destino (Confesiones de Una Estrella del Rock)""";"""Jorge González""";1984;"""latin rock""";"""Alerce""";;
spotify:track:62mwaHYHB2gFuLpxbkcXHl;"""Premio de Consuelo""";"""La Canción Que Te Debía""";"""Congreso""";2000;"""latin folklore";nueva trova;;
spotify:track:2JERdwsoL6dKXEakb5YYJp;"""Algo Está Pasando""";"""De Kiruza""";"""De Kiruza""";1997;"""latin rock""";"""De Kiruza""";;
spotify:track:5Em7MA991Gn3yhheaul0CX;"""Mentira""";"""La Ley MTV Unplugged""";"""La Ley""";1970;"""rock en español";latin rock;;
spotify:track:2KanLveTiYxcpmC4D6bcK8;"""Servú (Ronda)""";"""Dramones""";"""Familea Miranda""";1977;"""math rock""";"""BCore Disc""";;
spotify:track:0QC10L4W2PMpxfoIhIEHLH;"""Lobo Estepario""";"""Donde Nacen los Vientos""";"""Hielo Negro""";2007;"""stoner rock";"stoner metal""";;
spotify:track:0lmX28jU1H6Zf02dzyvA9f;"""Vuelvo a Vivir""";"""Nuevos Tiempos""";"""Fahrenheit""";1991;"""aor""";"""Fahrenheit""";;
spotify:track:4jAXSGdLWPINLYokVVUsh9;"""Dime Qué Pasa""";"""Dime Qué Pasa""";"""La Floripondio""";1987;"""ska";reggae en español;;
spotify:track:5yWLs1RZPgExCvSTmVnWGc;"""Me tienes loco""";"""770""";"""El Cruce""";1995;"""latin rock";"blues""";;
spotify:track:0aAX3PzSwgxfJ9ehPf98yp;"""Muerte Astral""";"""Vuelve a Arder""";"""Yajaira""";2005;"""stoner rock";stoner metal;;
spotify:track:4MtY4HDLtzzmGl63yXVJSZ;"""Nunca Más""";"""Agénesis""";"""Cler Canifrú""";1984;"""rock";"""Red Poncho""";;
spotify:track:1DHWa8fT2ZiyfcUkeDpPG7;"""Pera Madura""";"""Pera Madura""";"""Sergio Inostroza""";2000;"""rock";"""Planet Blue Records USA""";;
spotify:track:0zKSUGuA6r9x20w6hANZfQ;"""Verde Claro""";"""Mandrácula""";"""Mandrácula""";2005;"""latin rock""";"""Alerce""";;
spotify:track:3TixN0F204L1fhiN3LmulO;"""Una Razón""";"""Sin Perdón""";"""Sin Perdón""";2008;"""melodic hardcore";hardcore;;
spotify:track:6RTPhBy716vfQKcfCOVi3I;"""Trees""";"""II""";"""Föllakzoid""";2012;"""krautrock";space rock;;
spotify:track:1hEPzLUP5xUWLhMrpMeDdE;"""Wewo""";"""La Mano Ajena""";"""La Mano Ajena""";2018;"""latin alternative""";"""TUTL 2008""";;
spotify:track:3TKoXGYVPcXbxO07t8CEBl;"""Viaje Fantastico - Remasterizado 2021""";"""Juegos Prohibidos (Remasterizado 2021)""";"""Beat 4""";1981;"""rock";"""ARCI""";;
spotify:track:26AInMWUkuYLtMet3IHI4X;"""El Ojo de Dios""";"""I: Viento Sur""";"""Bagual""";1981;"""stoner rock";stoner metal;;
spotify:track:4YdzIFRNNztAB1JF4AltPZ;"""Ella Llora - Remastered""";"""Que Nos Devuelvan La Emoción (Remastered)""";"""Upa!""";1970;"""latin rock""";"""UPA""";;
spotify:track:1fwyd3uffoIUVw5FNoWaZg;"""No Hay Nada Más Feo Que una Mujer Borracha""";"""Lo Normal""";"""Horregias""";1997;"""riot grrrl""";"""VACACI-O-NES""";;
spotify:track:1j0jAzxLglyMQaA4C3oqZs;"""Perro Rabioso""";"""Round 3""";"""Devil Presley""";1995;"""hard rock";"""Devil Presley""";;
spotify:track:3Yt7vScNXj7VtWeH8Ras00;"""El Lagarto""";"""I""";"""Alejandro Silva""";1995;"""groove metal";"""673062 Records DK2""";;
spotify:track:7EdwoFIHkKb5hW2hKMJYri;"""La Historia No Me Convence solo me atraganta""";"""En el bunker""";"""Fulano""";1986;"""jazz rock";false;91.268;4
Ranking Noticia 24 horas - Rockaxis;"""La pera madura""";"""Nueva ola""";Sergio Inostroza;1963;"""rock";;;
Ranking Noticia 24 horas - Rockaxis;"""Las hijas de eva""";"""Las hijas de eva""";Tatiana Bustos;1997;"""balada romantica";;;
Ranking Noticia 24 horas - Rockaxis;"""Inocente""";"""Supersórdido""";Supersordo;1992;"""punk";;;
Ranking Noticia 24 horas - Rockaxis;"""En el metro""";"""Rock total""";Banda Metro;1984;"""rock";;;
Ranking Noticia 24 horas - Rockaxis;"""Toy con caña""";"""Canciones de borrachos""";Los Mox!;1999;"""harcore punk";;;
Ranking Noticia 24 horas - Rockaxis;"""Dicen""";"""Nueva ola""";María Teresa;1964;"""bolero";;;
Ranking Música popular;"""¿Por qué no se van?""";"""Pateando piedras""";Los prisioneros ;1986;"""rock ";;;
