Track URI,Track Name,Album Name,Artist Name(s),Release Date,Duration (ms),Popularity,Explicit,Added By,Added At,Genres,Record Label,Danceability,Energy,Key,Loudness,Mode,Speechiness,Acousticness,Instrumentalness,Liveness,Valence,Tempo,Time Signature
spotify:track:5E8fsTZfvnj7tuRvCnV4SV,"Todos Juntos - 2020 Remasterizado","La Ventana (2020 Remasterizado)","Los Jaivas",1973-01-01,345096,1,false,12134291227,2024-04-19T20:41:42Z,"latin folklore,folclor andino,latin rock,latin folk,nueva trova","ARCI Music",0.555,0.991,5,-6.547,0,0.0422,0.0697,0.315,0.0716,0.955,114.21,4
spotify:track:15T3otpUnJKin5njR8x0Tx,"El Baile De Los Que Sobran","Pateando Piedras","Los Prisioneros",1986-01-01,343701,64,false,12134291227,2024-04-19T20:41:55Z,"latin rock,rock en español","EMI CHILE",0.814,0.621,0,-12.274,1,0.0533,0.297,0.000025,0.111,0.646,117.331,4
spotify:track:1xtBatmC1muBOY1RnUvP8Z,"Déjate Caer","La Espada & la Pared","Los Tres",1995,202733,53,false,12134291227,2024-04-19T20:42:08Z,"latin rock,rock en español,latin alternative","Columbia",0.546,0.549,0,-8.478,1,0.0284,0.436,0,0.127,0.615,115.292,4
spotify:track:6hgHu5Cj3fFGMl8DPtZdWS,"Baño De Mar A Medianoche","La Incomparable","Cecilia",2006-01-01,193000,44,false,12134291227,2024-04-19T20:42:22Z,"","EMI CHILE",0.441,0.293,2,-11.429,0,0.0411,0.798,0,0.686,0.534,78.242,4
spotify:track:6As9jWGwGowXeSd2OiQzeg,"Miño","Canción De Lejos","Los Bunkers",2002,244253,57,false,12134291227,2024-04-19T20:42:33Z,"latin rock,rock en español,latin alternative","Columbia",0.561,0.904,0,-4.808,1,0.0292,0.0642,0.0000626,0.248,0.781,105.712,4
spotify:track:7M9UVXh4U227MXzhSLD4Pp,"Rock Del Mundial","La Orq. De los Años Felices","The Ramblers",2006-01-01,159360,33,false,12134291227,2024-04-19T20:42:48Z,"","EMI CHILE",0.571,0.581,10,-8.522,1,0.0319,0.639,0,0.254,0.805,99.298,4
spotify:track:33nztJSpoZityjQp6rMT22,"El Derecho de Vivir en Paz","El Derecho de Vivir en Paz","Victor Jara",1971,277093,49,false,12134291227,2024-04-19T20:43:04Z,"latin folklore,nueva trova,trova,latin folk,folclor andino,singer-songwriter","Sucesión Víctor Jara",0.416,0.536,4,-8.596,0,0.0252,0.459,0,0.0693,0.754,81.228,3
spotify:track:5U7MyRNbuZrWkyAI4bm3Ja,"Gracias a la Vida","Mi Chile Lindo","Violeta Parra",2014-03-31,278040,1,false,12134291227,2024-04-19T20:43:54Z,"latin folklore,nueva trova,latin folk,trova,folclor andino","ARCI Music",0.649,0.144,0,-16.809,1,0.0522,0.811,0.00000242,0.089,0.264,119.193,4
spotify:track:5IB4B0YHXlOPIjYohcONVA,"Yo La Quería","Viva Chile","Electrodomésticos",1986-03-01,386746,14,false,12134291227,2024-04-19T20:44:31Z,"latin rock","EMI Odeon Chilena S.A.",0.392,0.446,1,-10.811,1,0.0373,0.568,0.0108,0.0936,0.337,154.852,4
spotify:track:6Od0ZaUyAAWwAvBvoDwKME,"La muerte de mi hermano","Kaleidoscope Men","Los Mac's",1967,154746,0,false,12134291227,2024-04-19T20:44:46Z,"psychedelic rock","ARCI",0.403,0.747,0,-6.618,1,0.0398,0.000741,0,0.389,0.617,121.18,4
spotify:track:6r7phAWjhQ34OOBSASkUv6,"En Todas las Esquinas","Para los Arqueologos del Futuro","Congreso",1989-10-23,357893,39,false,12134291227,2024-04-19T20:44:57Z,"latin folklore,nueva trova,folclor andino,latin folk,trova,latin rock","Alerce",0.63,0.617,9,-14.211,1,0.0621,0.106,0.00271,0.0704,0.636,124.305,4
spotify:track:0VvwpKqD7cOYubrK030fGR,"La Voz de los '80","La Voz de los '80 (Edición 30 Años)","Los Prisioneros",1984,248225,3,false,12134291227,2024-04-19T20:45:09Z,"latin rock,rock en español","Fusion",0.519,0.951,4,-6.556,1,0.124,0.0546,0.000193,0.0581,0.933,178.2,4
spotify:track:21fooaqsdHnfEX6I2xszdD,"La Poderosa Muerte","Alturas de Macchu Picchu","Los Jaivas",1981-10-20,672253,0,false,12134291227,2024-04-19T20:45:21Z,"latin folklore,folclor andino,latin rock,latin folk,nueva trova","Los Jaivas",0.342,0.493,4,-9.078,0,0.065,0.703,0.00161,0.108,0.276,73.86,4
spotify:track:02fBFDWJa1IbDAPbab0i3S,"Tu Mamá Te Mató","Mala Madre","Camila Moreno",2015-07-20,181120,0,false,12134291227,2024-04-19T20:45:33Z,"latin folk,trova,latin indie,latin alternative","Pangea",0.568,0.49,4,-9.175,0,0.0291,0.843,0.33,0.535,0.255,130.021,4
spotify:track:5EhButiJbrrRbO3qguSKkg,"Cuando Respiro En Tu Boca","Peces","Lucybell",1995,208693,53,false,12134291227,2024-04-19T20:45:46Z,"latin rock,rock en español","EMI CHILE",0.378,0.738,5,-8.782,1,0.0681,0.00294,0.0247,0.353,0.392,115.148,4
spotify:track:49f46dChfItxCvOd3LMDcP,"Los Momentos","Blops","Los Blops",1970,172113,25,false,12134291227,2024-04-19T20:46:05Z,"latin folklore,progressive rock,nueva trova,acid rock","BYM Records",0.407,0.208,11,-14.458,0,0.0336,0.819,0.000325,0.12,0.237,100.042,4
spotify:track:3XHg42QOqlevRU7jXRkAKk,"El Duelo","Invisible","La Ley",1995-07-21,194573,69,false,12134291227,2024-04-19T20:46:18Z,"rock en español,latin rock,latin alternative","WM Mexico",0.55,0.848,4,-6.422,0,0.045,0.0568,0.0141,0.322,0.547,107.069,4
spotify:track:4c307EUgnx8a4X28DlkUoa,"Y Volvere","Y Volvere","Los Angeles Negros",1970-09-05,242133,66,false,12134291227,2024-04-19T20:46:38Z,"bolero,grupera","Alegria Music Latino",0.57,0.342,11,-10.82,0,0.0279,0.702,0.000611,0.104,0.359,91.708,4
spotify:track:3FPFhG6jDYBn3jp1Qcgped,"La Corbata de Mi Tío","Caída Libre","Los Ex",1996-08-09,187266,1,false,12134291227,2024-04-19T20:46:54Z,"latin rock","Beast Discos",0.537,0.845,5,-6.156,1,0.0466,0.0139,0.00033,0.285,0.689,146.88,4
spotify:track:3Dnn4G9z0VqWksQye13Cqe,"Amar en el Campo","Bailar y Llorar","Teleradio Donoso",2008-09-01,237800,1,false,12134291227,2024-04-19T20:47:04Z,"latin indie,latin rock","5AM",0.685,0.725,9,-6.677,0,0.0368,0.00284,0.00816,0.0458,0.909,127.93,4
spotify:track:6ZycYCq5SAnZIgTMW5S0i4,"Pure De Papas","La Incomparable","Cecilia",2006-01-01,136600,41,false,12134291227,2024-04-19T20:47:19Z,"","EMI CHILE",0.543,0.647,0,-10.405,0,0.047,0.725,0,0.285,0.962,79.205,4
spotify:track:0bT09mbEB6Set7hRUXuEWb,"Cuando Vuelvas","Upa!","Upa!",1986-03-01,201133,52,false,12134291227,2024-04-19T20:47:30Z,"latin rock","EMI Odeon Chilena S.A.",0.718,0.574,7,-8.163,0,0.0401,0.63,0.119,0.315,0.774,106.717,4
spotify:track:2mjMjovgyCRqEdLAe4NGv9,"Calibraciones (sin censura)","Calibraciones (sin censura)","Aparato Raro",2020-09-18,205824,0,false,12134291227,2024-04-19T20:48:31Z,"latin rock","Aparato Raro",0.758,0.859,8,-5.015,0,0.0362,0.0117,0,0.0448,0.879,145.243,4
spotify:track:3tN9nucnARoyrX5WsKUrWz,"En un Largo Tour","Clima Humana","Sol y Lluvia",2013-01-01,262880,1,false,12134291227,2024-04-19T20:49:10Z,"latin folklore,folclor andino,nueva trova,trova,latin rock,latin folk","Master Media Ltda",0.637,0.901,11,-4.385,0,0.072,0.319,0.00000658,0.0742,0.895,110.005,4
spotify:track:0NhbvFZXkZPWxPcQdtVFLZ,"Muevan Las Industrias","Pateando Piedras","Los Prisioneros",1986-01-01,248893,56,false,12134291227,2024-04-19T20:49:22Z,"latin rock,rock en español","EMI CHILE",0.686,0.603,11,-14.24,0,0.037,0.119,0.517,0.0907,0.551,152.474,4
spotify:track:52Ae2wmEJQWDv9yLQKBUyd,"Hijo Del Sol Luminoso","1971-1982","Congreso",2006-01-01,330360,31,false,12134291227,2024-04-19T20:49:59Z,"latin folklore,nueva trova,folclor andino,latin folk,trova,latin rock","EMI CHILE",0.536,0.46,2,-13.62,1,0.0341,0.739,0.000521,0.0693,0.348,96.48,4
spotify:track:6w8prGxDTuaO2auLOTbMa5,"Quien Mato A Gaete?","Quien Mato A Gaete?","Mauricio Redoles",1996,404626,30,false,12134291227,2024-04-19T20:50:16Z,"latin rock","Sony Music Entertainment",0.71,0.533,9,-11.581,1,0.383,0.253,0,0.173,0.889,106.935,4
spotify:track:770iCtJ44DrmGsyo7aR26e,"Demoniac Possession","The Malefice","Pentagram Chile",2013-09-06,251718,18,false,12134291227,2024-04-19T20:50:52Z,"thrash metal,death metal,speed metal","Cyclone Empire",0.216,0.988,9,-6.433,1,0.0944,0.00000884,0.797,0.0779,0.215,150.736,4
spotify:track:7zpNN01FLMP70EYGcxCCDY,"Un Amor Violento","Los Tres","Los Tres",1991,272520,61,false,12134291227,2024-04-19T20:51:22Z,"latin rock,rock en español,latin alternative","Columbia",0.548,0.495,9,-7.736,1,0.0325,0.539,0.00000301,0.174,0.502,121.288,4
spotify:track:5gsfcMD9OV3hbNTMjzOorA,"El Gavilan","Cantos de Chile","Violeta Parra",1980-01-01,608133,18,false,12134291227,2024-04-19T20:52:16Z,"latin folklore,nueva trova,latin folk,trova,folclor andino","Fonarte Latino",0.484,0.124,8,-17.944,0,0.0855,0.993,0.572,0.133,0.153,81.391,4
spotify:track:6hG3fEFetuAe3lWnwecMtr,"Un Nuevo Baile - Remastered 2006","Abajo En La Costanera (Remastered)","Emociones Clandestinas",1987-06-13,265760,41,false,12134291227,2024-04-19T20:52:44Z,"latin rock","EMI Odeon Chilena S.A.",0.892,0.637,4,-9.611,1,0.0496,0.0882,0.0124,0.0309,0.939,123.748,4
spotify:track:3kSQjC7wqSkwESlPAS5XJr,"Hospital","Pettinellis","Pettinellis",2019-01-29,268173,0,false,12134291227,2024-04-19T20:52:59Z,"latin rock","Musica y Entretenimiento",0.336,0.745,10,-7.377,0,0.0605,0.0472,0.0203,0.0757,0.615,168.588,4
spotify:track:0FauDhvAuanceOTIGQZAl4,"Locura Espacial","Rindanse Terricolas","Chancho En Piedra",1998,183000,49,false,12134291227,2024-04-19T20:53:09Z,"latin rock,funk rock","Columbia",0.651,0.898,11,-3.53,1,0.0512,0.00645,0,0.23,0.883,88.02,4
spotify:track:1dSWYkGqX9hv9xLdKYR2vk,"Dame Luz","Esperando Nada","Nicole",1994,301026,46,false,12134291227,2024-04-19T20:53:20Z,"latin rock","BMG Music",0.596,0.706,8,-7.326,1,0.0263,0.139,0.0000385,0.0983,0.424,132.6,4
spotify:track:4Qs3OEgzBPGPmRR5QJ0UIs,"Mi Equilibrio Espiritual","31 Minutos","31 Minutos;Freddy Turbina",2003-07-07,145560,59,false,12134291227,2024-04-19T20:53:31Z,"lullaby","Virgin Music Label And Artist Services (P&D)",0.756,0.803,9,-5.199,0,0.0407,0.331,0,0.369,0.969,135.011,4
spotify:track:7t2dIq6b6fKluPuSnJajeA,"Nonato Coo","Nonato Coo","Niños Del Cerro",2015,262466,33,false,12134291227,2024-04-19T20:54:05Z,"latin indie,neo-psychedelic","Piloto",0.558,0.829,4,-7.301,1,0.0405,0.229,0.0001,0.0951,0.449,94.849,4
spotify:track:57gcHVTTVxY4LN84KpPDpf,"Doble Opuesto","Doble Opuesto","La Ley",1991-10-13,267306,54,false,12134291227,2024-04-19T20:54:18Z,"rock en español,latin rock,latin alternative","Universal Music Chile",0.655,0.475,0,-15.666,1,0.0298,0.0756,0.00137,0.0546,0.831,134.044,4
spotify:track:0fbP8sQu1rEgT6RakeidoS,"He Barrido el Sol","Los Tres","Los Tres",1991,224600,56,false,12134291227,2024-04-19T20:54:28Z,"latin rock,rock en español,latin alternative","Columbia",0.568,0.698,9,-7.737,0,0.0469,0.402,0,0.375,0.736,118.655,4
spotify:track:32zCRb0gJWxzULvUp4YjiP,"Evol","Vol.2","Aguaturbia",1970,522106,0,false,12134291227,2024-04-19T20:54:47Z,"psychedelic rock,acid rock","Musica y Entretenimiento",0.215,0.771,9,-8.163,1,0.07,0.0144,0.757,0.433,0.377,78.004,3
spotify:track:5xjomARNn4eeQ9yXVTIXBJ,"Mágico","Toque","Joe Vasconcellos",1995,187759,57,false,12134291227,2024-04-19T20:55:01Z,"latin rock,latin alternative","EMI CHILE",0.489,0.62,7,-9.484,1,0.0539,0.00336,0,0.12,0.488,95.587,4
spotify:track:5QpK3POlui03rtsDxsfySv,"Te Amo Tanto","Corte en Trámite","Javiera & Los Imposibles",1995-10-02,203573,0,false,12134291227,2024-04-19T20:55:19Z,"latin rock","Evolución Discos",0.647,0.562,11,-10.657,1,0.0255,0.176,0.00000688,0.171,0.876,105.682,4
spotify:track:3M5dIqhYOkHLhvsjxLn05b,"Simetría","Conducción","Ases Falsos",2014,241786,0,false,12134291227,2024-04-19T20:55:35Z,"latin rock,latin indie","CBA Discos",0.612,0.554,0,-8.822,1,0.0386,0.181,0.0111,0.114,0.366,103.798,4
spotify:track:6iC3JkDH3Q1ga7CF5HJ3Zw,"Sin Ti","Sin Ti","Frutos Del País",2017-07-13,247386,0,false,12134291227,2024-04-19T20:55:50Z,"latin rock","ARCI MUSIC",0.253,0.358,7,-10.325,1,0.0304,0.669,0.0121,0.511,0.254,76.308,4
spotify:track:09kFUWzSztmpz03eTLg7AW,"En Mis Genes","Nefertiti","Protistas",2014-10-20,242906,30,false,12134291227,2024-04-19T20:56:04Z,"latin indie,latin alternative","Disco Intrépido",0.557,0.894,9,-4.593,0,0.0301,0.355,0.000364,0.0861,0.431,120.065,4
spotify:track:1z9xCoVQQ4lrc7Z21ec9hI,"El Frio Misterio - Remaster 2002 / Album Version","Grandes Exitos","Electrodomésticos",2008-01-01,304786,36,false,12134291227,2024-04-19T20:56:21Z,"latin rock","EMI CHILE",0.34,0.854,9,-6.896,1,0.0629,0.193,0.0000652,0.787,0.614,98.335,4
spotify:track:4skuEIloXWuxxgekKupkEH,"Tu Falta De Querer","Mon Laferte (Vol. 1)","Mon Laferte",2015-08-21,278546,84,false,12134291227,2024-04-19T20:56:32Z,"latin alternative","Universal Music Mexico",0.394,0.475,10,-7.935,1,0.028,0.0251,0.00749,0.112,0.441,129.995,3
spotify:track:0qvCfchoFb3zWBK1bhvor3,"Disco Blood","Disco Blood","Dorso",1998,267293,24,false,12134291227,2024-04-19T20:56:56Z,"thrash metal,speed metal","BMG Music",0.381,0.931,10,-6.696,0,0.0609,0.000115,0.0962,0.131,0.688,178.509,4
spotify:track:1wGNjZQoO4Ac5zotF3aZTb,"Bailando Solo","La Velocidad de la Luz","Los Bunkers",2013,267826,71,false,12134291227,2024-04-19T20:57:12Z,"latin rock,rock en español,latin alternative","Promotodo Mexico",0.675,0.733,9,-5.341,0,0.0361,0.106,0.00000133,0.323,0.754,116.049,4
spotify:track:67MT6TA0UmanJIxZgKigAY,"Caballos De Histeria","Lucybell","Lucybell",1998-01-01,284080,38,false,12134291227,2024-04-19T20:57:24Z,"latin rock,rock en español","EMI CHILE",0.475,0.623,7,-9.137,1,0.0337,0.000248,0.356,0.126,0.426,143.428,4
spotify:track:2dz5G8cubIlwFN6SJtj0rg,"Sentimiento Original","Gondwana","Gondwana",1997,292800,66,false,12134291227,2024-04-19T20:57:35Z,"reggae en español,reggae,roots reggae,ska","Ariola",0.747,0.603,11,-8.825,0,0.102,0.0148,0,0.0688,0.712,86.586,4
spotify:track:27mMu4IDObWXEZxbHky8Md,"Ayer","Similia Similibus","Los Santos Dumont",1999-08-13,267813,0,false,12134291227,2024-04-19T20:59:17Z,"latin rock","Beast Discos",0.478,0.799,4,-3.051,1,0.0323,0.0146,0.00000161,0.109,0.785,127.248,4
spotify:track:55b1Hh9baF7WA0UCiCzEPJ,"Pichanga","Weichafe","Weichafe",2002-01-03,153026,0,false,12134291227,2024-04-19T20:59:32Z,"latin rock","Musica y Entretenimiento",0.489,0.955,0,-3.714,0,0.0354,0.0000631,0.00138,0.35,0.703,95.037,4
spotify:track:58fFlF7sOSo0eOgNajFWO9,"Lophophora","Marca Chancho","Chancho En Piedra",2000-09-25,141600,51,false,12134291227,2024-04-19T21:00:28Z,"latin rock,funk rock","Columbia",0.676,0.891,6,-5.197,0,0.0364,0.25,0.00102,0.418,0.912,135.095,4
spotify:track:1UbhlpwNlGdM3aOBHsj08v,"Bolsa de Mareo","Fome","Los Tres",1997,214813,37,false,12134291227,2024-04-19T21:00:38Z,"latin rock,rock en español,latin alternative","Columbia",0.303,0.909,6,-4.596,0,0.0735,0.0407,0.00000902,0.173,0.642,124.764,4
spotify:track:1OUlgbouy6BwG658XQ8efM,"No Estar Aquí","Traga!","Fiskales Ad-Hok",1995-08-11,179666,0,false,12134291227,2024-04-19T21:00:49Z,"punk,ska punk,hardcore punk,latin rock","Fiskales Ad-Hok",0.267,0.982,7,-6.543,0,0.0775,0.00273,0.00876,0.0968,0.557,165.903,4
spotify:track:5pgJEYwomjlOQjpKerjUZS,"El Tuerca Go-go","Canciones Funcionales","Angel Parra",1969-05-09,131750,0,false,12134291227,2024-04-19T21:01:43Z,"latin folklore,nueva trova,folclor andino,trova,latin folk","Evolución Discos",0.553,0.576,2,-8.078,1,0.0341,0.777,0,0.0962,0.812,115.573,4
spotify:track:4L0yXM4VQDQOGqLkooqV1R,"Cueca Sola","Cortacalles","Tenemos Explosivos",2022-06-20,211600,27,false,12134291227,2024-04-19T21:02:24Z,"post-hardcore,melodic hardcore,hardcore punk","Gitano",0.484,0.943,7,-3.929,0,0.0683,0.0000862,0.0000164,0.128,0.37,91.986,4
spotify:track:572uC924WbnO4ABB2r1Edc,"Esquemas Juveniles","Esquemas Juveniles","Javiera Mena",2006-10-05,214253,46,false,12134291227,2024-04-19T21:02:35Z,"latin indie,electropop,latin alternative","Meni",0.533,0.461,7,-11.589,1,0.024,0.705,0.796,0.0926,0.573,83.573,4
spotify:track:57Rf3Hlz4nQxO2K4fWhZiE,"Cómo no me va a doler","Violenta Fortuna","Alectrofobia",2018-07-13,202300,0,false,12134291227,2024-04-19T21:02:51Z,"","Alectrofobia",0.599,0.745,6,-8.177,0,0.0373,0.000195,0.000319,0.0986,0.722,150.077,4
spotify:track:0E47pBZ2vm2NkEDKONAIuo,"Reina Japonesa","Por su Atención, Gracias","Fernando Milagros",2009-06-18,217173,43,false,12134291227,2024-04-19T21:03:17Z,"latin folk,latin indie","Fernando Milagros",0.331,0.579,7,-5.703,1,0.026,0.403,0.000251,0.111,0.274,102.733,4
spotify:track:6W1BLmVBxkqZwFQcORQLnv,"Tren Al Sur","Corazones","Los Prisioneros",1990-09-08,336933,74,false,12134291227,2024-04-19T21:03:29Z,"latin rock,rock en español","EMI CHILE",0.675,0.67,9,-7.218,0,0.0514,0.00565,0.00673,0.0805,0.726,90.23,4
spotify:track:6HA0cETjAdZVme1VZvA5pf,"Matar al Presidente","Dime Qué Pasa","La Floripondio",2006-08-17,110308,0,false,12134291227,2024-04-19T21:03:42Z,"ska,reggae en español,latin rock,ska punk","La Floripondio",0.423,0.932,1,-5.209,1,0.134,0.00000725,0.367,0.0665,0.773,81.555,4
spotify:track:13a4y2gmdbd3yzPTLv2bSS,"Noche","Sueños En Transito","Nicole",1997,148866,45,false,12134291227,2024-04-19T21:03:57Z,"latin rock","BMG Music",0.351,0.408,7,-11.549,1,0.0307,0.124,0.00000158,0.123,0.193,172.99,3
spotify:track:1Qp77m1Ai0jnuD7ojdYzr9,"Freebola","Glup! 1999","Glup!",1999,192626,61,false,12134291227,2024-04-19T21:04:08Z,"latin rock","RCA Records Label",0.535,0.995,4,-3.83,1,0.2,0.0554,0,0.366,0.71,133.023,4
spotify:track:49SpHaonnqks7taOwDfV6Z,"Antipatriarca","Vengo","Ana Tijoux",2014-04-15,184378,44,false,12134291227,2024-04-19T21:04:21Z,"latin hip hop","Nacional Records",0.499,0.785,1,-6.407,0,0.0626,0.0575,0.00102,0.0837,0.676,102.736,3
spotify:track:37TLwDkDTWei9aM8kfp796,"Mírame Solo Una Vez - Remasterizado 2023","Ultrasol (Remasterizado 2023)","Christianes",1995,204659,42,false,12134291227,2024-04-19T21:04:35Z,"latin rock","EMI Odeon Chilena S.A.",0.641,0.576,11,-5.58,0,0.0295,0.115,0,0.357,0.56,117.635,4
spotify:track:718bFpoJt6XsqOxsnBQdLP,"Amor Alternativo","22 Exitos Pajarones","Sinergia",2014-07-01,221266,0,false,12134291227,2024-04-19T21:04:47Z,"latin rock,funk rock","Pájaro Records",0.572,0.422,1,-6.113,1,0.131,0.00731,0,0.0807,0.355,71.818,4
spotify:track:65nV93sigCdLeN8XJ8wes8,"Lo Que Quieras","Música, Gramática, Gimnasia","Dënver",2011-10-28,273200,0,false,12134291227,2024-04-19T21:04:59Z,"latin indie,latin alternative,electropop","Dënver",0.644,0.314,9,-19.174,1,0.0504,0.00334,0.585,0.115,0.629,120.042,4
spotify:track:6Lg1r56wubG76t2fOF9iNa,"Mira Niñita - 2020 Remasterizado","La Ventana (2020 Remasterizado)","Los Jaivas",1973-01-01,421311,3,false,12134291227,2024-04-19T21:05:11Z,"latin folklore,folclor andino,latin rock,latin folk,nueva trova","ARCI Music",0.288,0.732,0,-10.192,1,0.0388,0.53,0.795,0.159,0.558,186.745,3
spotify:track:6XgHYiaNyZJp8mUsaOezzM,"Las Cosas Van Mas Lento","Rayo Al Ojo","Panico",1998,140332,23,false,12134291227,2024-04-19T21:05:25Z,"","Panico",0.441,0.877,6,-10.337,0,0.039,0.0664,0.283,0.127,0.811,93.919,4
spotify:track:7modUKFjYBv908P7h8WSSA,"Acuario","Acuario","Manuel García",2012-09-16,307386,0,false,12134291227,2024-04-19T21:05:38Z,"trova,nueva trova,latin folk,latin rock,latin folklore","Témpera Producciones SPA",0.59,0.91,5,-4.571,1,0.0306,0.00316,0.0179,0.15,0.596,105.017,4
spotify:track:0dFZjxL6drxK9oupqmF773,"Sindrome Camboya","Los Peores De Chile","Los Peores De Chile",1994,184426,40,false,12134291227,2024-04-19T21:05:49Z,"latin rock","RCA Records Label",0.438,0.807,7,-8.369,1,0.0367,0.000927,0.0000754,0.0774,0.967,171.514,4
spotify:track:3UUtewTLgASbX6afOBHAeQ,"El crack","Corazón de Chileno [Canciones para Alentar a la Roja] - EP","Los Miserables",2010-06-08,226306,42,false,12134291227,2024-04-19T21:06:01Z,"latin rock,ska punk,punk,ska","WM Chile",0.587,0.907,7,-4.71,1,0.0504,0.0447,0.0000415,0.112,0.735,140.817,4
spotify:track:3zswqlBO4WgGAbSLvMpOn1,"Hay Un Limite","Aleste","Aleste",1993-06-25,234293,47,false,12134291227,2024-04-19T21:06:13Z,"latin rock","Universal Music Chile",0.657,0.725,0,-11.753,1,0.0316,0.0156,0,0.316,0.899,126.893,4
spotify:track:7tw6XcaBNEjXYKhSEGRVR0,"Limito Con el Sol","Campos Finitos","Saiko",2001-01-01,217053,45,false,12134291227,2024-04-19T21:06:30Z,"latin rock","EMI CHILE",0.734,0.751,10,-5.601,1,0.0248,0.00144,0.000383,0.141,0.567,122.983,4
spotify:track:5Oh5yk9wYAUK1vdauMdHND,"Hijos De La Miseria","Dead Soul","Criminal",1997,276640,24,false,12134291227,2024-04-19T21:06:44Z,"groove metal,thrash metal,death metal","RCA Records Label",0.398,0.847,5,-8.548,0,0.0473,0.00000632,0.826,0.0611,0.321,125.139,4
spotify:track:375fFsG02nH7OmeJrhbUQ7,"Dulce","Muérdete La Lengua (Edición Especial)","Francisca Valenzuela",2008-06-11,207840,9,false,12134291227,2024-04-19T21:06:58Z,"latin rock","Frantastic Records",0.581,0.646,2,-6.552,0,0.0288,0.341,0.0000314,0.213,0.482,119.847,4
spotify:track:1s3hhjW3QGCzTECyXZxu39,"La Enredadera","Los Accidentes Del Futuro","Leo Quinteros",2004-02-26,294346,22,false,12134291227,2024-04-19T21:07:50Z,"","Taka Taka Records",0.292,0.375,2,-12.331,1,0.031,0.72,0.000151,0.216,0.592,149.383,3
spotify:track:649L5nomqccj0jQCm9ZiZX,"Oscar Wilde - Remasterizado 2021","Fictions (Remasterizado 2021)","Los Vidrios Quebrados",2022-05-06,124262,0,false,12134291227,2024-04-19T21:08:05Z,"garage rock","ARCI",0.715,0.553,11,-8.528,0,0.0313,0.0356,0,0.065,0.926,101.421,1
spotify:track:41JMshHJExQtMdpuugABYB,"Lo Que Mereces","Las Horas","Saiko",2004-08-22,289746,1,false,12134291227,2024-04-19T21:09:57Z,"latin rock","Saiko",0.542,0.608,7,-7.438,1,0.0272,0.0118,0.88,0.131,0.337,80.034,4
spotify:track:5qWW6PPLL6yjnlFZxy93et,"Santa Lucía - 2022 Remasterizado","La Rata Bluesera 20 años Edición Especial (2022 Remasterizado)","La Rata Bluesera",2022-11-20,278373,0,false,12134291227,2024-04-19T21:10:43Z,"blues,latin rock","Sello Misisipi",0.526,0.719,4,-6.576,1,0.0496,0.598,0,0.475,0.719,119.319,4
spotify:track:2UJJvmZfcuWimFaigK9tQf,"Adolfo y Benito, Augusto y Toribio","En el Bunker","Fulano",1989-08-18,174920,25,false,12134291227,2024-04-19T21:11:04Z,"jazz fusion,progressive rock,indie jazz,latin rock","Alerce",0.403,0.938,9,-10.063,1,0.0925,0.213,0.00236,0.68,0.367,161.074,4
spotify:track:5dXxcmq9yFPcPw8R1wsP4Y,"Con la Mano en la Biblia","La Historia","Los Golpes",2016-05-03,187637,19,false,12134291227,2024-04-19T21:13:16Z,"grupera","Plus Music Records",0.635,0.503,0,-8.692,0,0.0341,0.101,0.0000105,0.182,0.675,111.126,4
spotify:track:3Mx4MDJLqsXKyD6GK5SA6v,"Copenhaguen Schtorba","Akinetón Retard","Akinetón Retard",1999-02-03,255493,5,false,12134291227,2024-04-19T21:13:54Z,"experimental jazz,jazz fusion,progressive rock","Mapa Records",0.387,0.495,1,-11.976,0,0.0289,0.000205,0.41,0.132,0.65,110.539,4
spotify:track:6SCPtQ0YEXKn7yh7OUM7WW,"El Cielito De Mi Pieza","1971-1982","Congreso",2006-01-01,170840,39,false,12134291227,2024-04-19T21:14:03Z,"latin folklore,nueva trova,folclor andino,latin folk,trova,latin rock","EMI CHILE",0.586,0.423,5,-15.524,1,0.0415,0.508,0.0653,0.225,0.934,153.908,3
spotify:track:6uO8qytPVk6ne1xDdBeqnY,"Los Cometas","El Vuelo del Pillán","Kuervos del Sur",2016-08-17,217604,0,false,12134291227,2024-04-19T21:14:15Z,"latin rock","Altafonte bajo licencia exclusiva de Kuervos del Sur",0.319,0.97,7,-4.103,1,0.0974,0.00809,0.0144,0.0505,0.507,112.09,3
spotify:track:6fz4U560X7yuH8SUqF6MJm,"Por Costumbre - 2017 Remaster","Play/Replay","Solar",1997-07-28,242784,28,false,12134291227,2024-04-19T21:14:24Z,"latin rock","Mapa Records",0.493,0.898,11,-6.12,1,0.0365,0.0000288,0.00267,0.255,0.793,110.973,4
spotify:track:1BrGFEF1grdFt08NVPUBEN,"Buitres","Remoto Control","Matorral",2013-11-14,183000,0,false,12134291227,2024-04-19T21:14:43Z,"","Cápsula Discos",0.624,0.506,2,-9.454,1,0.0308,0.0417,0.02,0.122,0.426,105.027,4
spotify:track:634sIbiTxbS3k3D1nOBd0Y,"Maestro Distorsión","Le Disc de Astrou","Astro",2010,234986,0,false,12134291227,2024-04-19T21:16:33Z,"latin indie,latin alternative","Discos Río Bueno",0.483,0.799,4,-4.144,1,0.0288,0.000108,0.00382,0.0925,0.371,149.964,4
spotify:track:3BDwAworusOI74Qc8kmtke,"Del volar de las palomas","La revolucion de las flores","Los Blops",2022-08-12,346320,0,false,12134291227,2024-04-19T21:17:03Z,"latin folklore,progressive rock,nueva trova,acid rock","ARCI",0.503,0.387,6,-11.228,0,0.0318,0.955,0.00000465,0.167,0.659,113.498,4
spotify:track:273RiyloYbmnFHKORe6Rpr,"Cancion Pacifico-Violenta","Buscando Chilenos Vol. 1","Sexual Democracia",1990-02-27,284693,36,false,12134291227,2024-04-19T21:17:32Z,"latin rock","Alerce",0.433,0.438,7,-12.655,1,0.0376,0.362,0,0.269,0.188,128.638,4
spotify:track:6EYVI4zwxzP3EnViyiI5x0,"Millones","Almismotiempo","Camila Moreno",2009-11-19,222432,0,false,12134291227,2024-04-19T21:17:44Z,"latin folk,trova,latin indie,latin alternative","Pangea",0.483,0.556,2,-5.388,1,0.0344,0.598,0,0.122,0.332,131.786,3
spotify:track:6iG20hjfwtlS4CVuycLEyp,"Esas Mañanas - Bonus Track","Jorge Gonzalez","Jorge González",1993,178560,39,false,12134291227,2024-04-19T21:18:08Z,"latin rock","EMI CHILE",0.567,0.194,1,-10.708,1,0.0273,0.762,0,0.0898,0.206,79.763,4
spotify:track:6DMJgEypZO4WnIFWPSwkbt,"Morder","Grandes Éxitos","De Saloon",2023-12-15,202893,0,false,12134291227,2024-04-19T21:18:31Z,"latin rock","De Saloon",0.483,0.931,2,-4.845,0,0.0494,0.000374,0.00000327,0.298,0.55,150.099,4
spotify:track:6UbAzavTNvySHWrETLFryF,"Vacaciones en el Más Allá","Cripta y Vida","Pedropiedra",2011-04-18,232560,0,false,12134291227,2024-04-19T21:19:30Z,"latin indie,latin rock","Quemasucabeza",0.785,0.835,0,-6.811,1,0.0356,0.26,0.00000329,0.061,0.681,112.99,4
spotify:track:0LJgnWjRvbM60ieEVAJcAO,"Día Cero","Invisible","La Ley",1995-07-21,271706,66,false,12134291227,2024-04-19T21:19:36Z,"rock en español,latin rock,latin alternative","WM Mexico",0.684,0.763,7,-6.861,0,0.046,0.0438,0.0000768,0.0916,0.678,99.918,4
spotify:track:4wWl4cuH2UQqIkpZg1BBhX,"Humedad","Corte en Trámite","Javiera & Los Imposibles",1995-10-02,255160,0,false,12134291227,2024-04-19T21:19:50Z,"latin rock","Evolución Discos",0.343,0.37,0,-11.82,1,0.0375,0.177,0.00000304,0.0928,0.383,176.092,3
spotify:track:5TXzVBQj31PD1YIS2Ll1mp,"Sanatorio","Delusional","BBS Paranoicos",2018-06-15,217072,0,false,12134291227,2024-04-19T21:20:04Z,"melodic hardcore,punk,hardcore punk,latin rock,ska punk","Problematic",0.458,0.926,6,-4.633,1,0.0569,0.000476,0.000005,0.0986,0.586,160.051,4
spotify:track:7rkqFCWk4vhvfL4KJcX1lW,"De un Extranjero","Manduka","Manduka",1972,294350,0,false,12134291227,2024-04-19T21:20:25Z,"","Arci Music",0.382,0.0591,2,-22.321,1,0.0346,0.96,0.79,0.105,0.074,139.847,4
spotify:track:4kbb2FdpFOJNqFJS8xjzCF,"Waterfall","Vol.2","Aguaturbia",1970,221640,0,false,12134291227,2024-04-19T21:20:40Z,"psychedelic rock,acid rock","Musica y Entretenimiento",0.321,0.873,5,-8.427,0,0.0601,0.00433,0.64,0.26,0.712,173.551,4
spotify:track:3NJRgHeqBfHW8EI7ZYpg0z,"Estrechez De Corazón","Corazones","Los Prisioneros",1990-09-08,383573,66,false,12134291227,2024-04-19T21:20:53Z,"latin rock,rock en español","EMI CHILE",0.659,0.741,11,-8.08,1,0.034,0.00151,0.00000401,0.15,0.459,130.27,4
spotify:track:5RQIFZ25QheLbSLGDxfxzo,"Namás","Gepinto","Gepe;Dadalú",2005-11-04,219733,0,false,12134291227,2024-04-19T21:21:17Z,"latin indie,latin folk,latin alternative,art pop","Quemasucabeza",0.733,0.812,6,-5.732,0,0.0364,0.305,0.000888,0.0417,0.507,137.963,3
spotify:track:1iCVobzc6lYXEdvTN0bloD,"La Conquistada","Los Jaivas","Los Jaivas",1975,433386,50,false,12134291227,2024-04-19T21:21:33Z,"latin folklore,folclor andino,latin rock,latin folk,nueva trova","EMI Odeon S.A.I.C.",0.26,0.508,7,-15.799,1,0.0735,0.523,0.688,0.073,0.279,71.92,4
spotify:track:7IvHuh3TYgeQa3Wj3gMrAK,"Por Ella","Historias De La Calle","GUFI",2015-08-30,208875,51,false,12134291227,2024-04-19T21:22:10Z,"latin rock","Volador",0.483,0.915,2,-6.731,1,0.0653,0.00158,0.00108,0.325,0.589,169.938,4
spotify:track:6NwchOKm2861OadTosSbD3,"Caballero Negro","Caballero Negro","Feedback Chile",2021-12-24,638000,4,false,12134291227,2024-04-19T21:22:43Z,"speed metal","Pra & Rocktop Records",0.445,0.91,9,-6.986,1,0.0358,0.0000206,0.316,0.525,0.436,104.97,4
spotify:track:1TmhcMiKugkz7bfryEJGR3,"Hacia el Fondo","Pez","Rubio",2018-10-12,197966,0,false,12134291227,2024-04-19T21:33:27Z,"latin indie","Rubio",0.756,0.511,1,-8.167,1,0.0334,0.0191,0.0163,0.118,0.624,105.002,4
spotify:track:1CP8j9qn2pxY85lBV59sX6,"Pisagua 1973","25 Años y Todo Sigue Igual","Los Miserables",2017-09-13,165140,0,false,12134291227,2024-04-19T21:35:36Z,"latin rock,ska punk,punk,ska","Musica y Entretenimiento",0.489,0.795,2,-4.767,1,0.0453,0.00925,0.00035,0.12,0.761,172.506,4
spotify:track:0GnZe0T0bF4ZnkVXYHFvK6,"El Sonido","El Sonido","Guiso",2004-01-01,256186,11,false,12134291227,2024-04-19T21:37:00Z,"","Sello Algorecords",0.256,0.673,11,-9.207,0,0.0389,0.0000759,0.155,0.661,0.556,156.909,4
spotify:track:6BhCYG1npuuuXnwCicz1sR,"Vete","Peces","Lucybell",1995,218133,46,false,12134291227,2024-04-19T21:37:11Z,"latin rock,rock en español","EMI CHILE",0.501,0.507,0,-11.829,1,0.029,0.0476,0.0000562,0.0811,0.679,78.022,4
spotify:track:36VJrVTuKwedxqftzsIXXU,"Canción para mañana","La Culpa","Los Bunkers",2003,195133,54,false,12134291227,2024-04-19T21:37:23Z,"latin rock,rock en español,latin alternative","Columbia",0.17,0.878,9,-3.934,1,0.0576,0.0215,0.0000176,0.217,0.43,174.74,3
spotify:track:2lqmQNbNZUVwGu6M4d3Ggn,"Muérdete La Lengua","Muérdete La Lengua (Edición Especial)","Francisca Valenzuela",2008-06-11,178453,11,false,12134291227,2024-04-19T21:37:33Z,"latin rock","Frantastic Records",0.59,0.73,2,-5.04,1,0.0379,0.00819,0,0.104,0.892,130.969,4
spotify:track:5LKPu4OSlchWX1N0UZ95Bi,"Sinfonia de Cuna","Peor Es Mascar Lauchas","Chancho En Piedra",1995-09-12,207120,43,false,12134291227,2024-04-19T21:37:44Z,"latin rock,funk rock","Alerce",0.593,0.633,6,-11.127,0,0.0302,0.0208,0.00000185,0.0582,0.95,104.275,4
spotify:track:6iv2RejVrtRlzbz6XfLD02,"Ciudad Traicionera","Taxi para 3","Joe Vasconcellos",2001-06-01,254240,0,false,12134291227,2024-04-19T21:38:18Z,"latin rock,latin alternative","La Raiz Producciones",0.497,0.311,4,-8.269,0,0.0523,0.673,0,0.105,0.33,169.007,4
spotify:track:0wj12fTADisqnICDGyMgHh,"Columpio","Paraiso","Adelaida",2017-01-20,243080,19,false,12134291227,2024-04-19T21:38:33Z,"shoegaze,latin indie","Buen Dia Records",0.315,0.932,3,-5.937,1,0.0808,0.00149,0.679,0.0726,0.282,170.041,4
spotify:track:2xpd52DVf5Eq8L8vLvScGk,"Contigo","Lance","Niños Del Cerro",2018-08-31,223614,0,false,12134291227,2024-04-19T21:38:46Z,"latin indie,neo-psychedelic","Quemasucabeza",0.248,0.911,11,-4.801,1,0.153,0.072,0.00147,0.163,0.618,189.749,3
spotify:track:1zpziB7uaHiX2lBMFlYzhd,"Menta, miel y sangra","Vampiros","Angelo Pierattini;Las Calaveras Errantes",2011-03-16,206725,0,false,12134291227,2024-04-19T21:39:04Z,"","Oveja Negra",0.416,0.837,2,-4.686,1,0.036,0.0677,0,0.0952,0.202,102.972,4
spotify:track:2LPwCxN5T5rTCU3PTOdMvS,"Chilenada","Dracma","Dracma",2021-08-05,270733,23,true,12134291227,2024-04-19T21:39:17Z,"nu metal,rap metal","Dracma",0.569,0.858,1,-9.567,1,0.0551,0.0000812,0.0000836,0.288,0.751,116.756,4
spotify:track:0o0DyTpVblyB3KXKVOJtLu,"Fé","Fe","Mamma Soul",2012-01-01,286173,39,false,12134291227,2024-04-19T21:39:33Z,"","EMI CHILE",0.697,0.918,4,-6.292,0,0.157,0.0162,0,0.0935,0.766,99.974,4
spotify:track:0X95YZY5tGIxfx5k5XnfVL,"Éramos Todos Felices","Bailar y Llorar","Teleradio Donoso",2008-09-01,253057,0,false,12134291227,2024-04-19T21:39:44Z,"latin indie,latin rock","5AM",0.588,0.887,9,-6.263,0,0.0324,0.0597,0.000293,0.148,0.94,155.089,4
spotify:track:7diAQCsv2v3aDiFc4IuMLG,"Señora Civilizada","Señoras","Los Valentina",2016-01-19,222615,19,false,12134291227,2024-04-19T21:40:04Z,"latin indie","Piloto",0.677,0.636,5,-5.892,1,0.0267,0.0326,0.0000172,0.0975,0.376,117.033,4
spotify:track:5nSyefH3k7dpjK1xPuZXah,"La Escoba","Cumbia Chilombiana","Chico Trujillo",2006-03-23,166782,0,false,12134291227,2024-04-19T21:40:27Z,"cumbia,chicha,latin alternative","Perros con Tiña",0.483,0.891,4,-4.251,0,0.114,0.136,0,0.181,0.894,174.637,4
spotify:track:7wY9Vf8nZDbFC97ZoikUbM,"Laurel","El día libre de Polux","Chini.png",2023-03-31,313833,0,false,12134291227,2024-04-19T21:40:46Z,"latin indie,art rock","Uva Robot / Fisura",0.411,0.429,2,-9.18,1,0.0273,0.00011,0.634,0.106,0.103,109.901,4
spotify:track:2jWRTma0tFontD1X7e7G5B,"El Twist del Esqueleto","Impacto N° 3","Hermanos Arriagada",2023-11-24,167322,0,false,12134291227,2024-04-19T21:41:25Z,"bolero","Latin Music Record",0.525,0.97,0,-3.684,1,0.0367,0.706,0.000131,0.126,0.974,81.053,4
spotify:track:6XeYyIBxD5FES4Pmc2vtjG,"Demadness","Improve the Silence","Dogma",1997-04-03,175200,9,false,12134291227,2024-04-19T21:42:04Z,"groove metal","Toxic",0.439,0.895,2,-7.522,1,0.0366,0.0000106,0.802,0.156,0.783,173.164,4
spotify:track:2s3Vw9U7RGza0UKt7NeVSj,"Sonic Redemption","Daybreak","The Ganjas",2007,213640,19,false,12134291227,2024-04-19T21:42:27Z,"space rock,stoner rock,psychedelic rock","BYM Records",0.416,0.838,7,-4.522,1,0.0393,0.00000366,0.0292,0.108,0.374,116.076,4
spotify:track:6HV2i2XhsPXujockvUkqTf,"Zapatillas","Amanda","El Cómodo Silencio De Los Que Hablan Poco",2018-06-22,211750,0,false,12134291227,2024-04-19T21:42:43Z,"latin indie","Disco Intrépido",0.587,0.734,5,-5.004,1,0.0303,0.249,0.383,0.103,0.266,92.022,4
spotify:track:7qXsSruTL4u0X30bHMmaAT,"Pájaros de fuego","Los Tres","Los Tres",1991,270320,44,false,12134291227,2024-04-19T21:43:00Z,"latin rock,rock en español,latin alternative","Columbia",0.38,0.484,9,-10.777,0,0.0282,0.385,0.00162,0.0741,0.514,132.212,4
spotify:track:2Zu7fuz7Ao2QND7OQpIeKt,"Disparan (Fill the Skies)","Disparan (Fill the Skies)","Como Asesinar a Felipes;Chino Moreno",2018-10-11,235050,0,false,12134291227,2024-04-19T21:43:14Z,"experimental hip hop,jazz rap","Koolarrow Records",0.409,0.888,5,-6.578,0,0.078,0.00603,0.00946,0.258,0.254,109.498,5
spotify:track:2gAcCepS8mKQwDnc5CHUef,"Confío","Persona","Jirafa Ardiendo",2003-06-02,219066,12,false,12134291227,2024-04-19T21:43:32Z,"neo-psychedelic","Disco Intrépido",0.373,0.831,0,-1.833,1,0.0382,0.00112,0.00000713,0.122,0.32,124.88,4
spotify:track:4ljxScl9mHiMwfwjLbXexV,"Mawiza Ñi Piwke","Kollong","Mawiza",2019-10-11,237062,0,false,12134291227,2024-04-19T21:43:47Z,"groove metal,folk metal","Katarsis",0.521,0.993,7,-3.958,1,0.16,0.000819,0.00000351,0.223,0.155,107.255,4
spotify:track:2FvjOgChSYk5GCijmWbKMb,"La Matanza de Corpus Christi","Derrumbe y Celebracion","Tenemos Explosivos",2015-12-23,256066,25,false,12134291227,2024-04-19T21:44:04Z,"post-hardcore,melodic hardcore,hardcore punk","579895 Records DK",0.425,0.802,8,-3.814,1,0.064,0.0002,0.00042,0.195,0.339,82.507,4
spotify:track:7gYpwt0z7gX3XJrEd3vRbw,"Hijos del Peligro","La Sombra","( Me Llamo ) Sebastián",2017-10-13,285147,0,false,12134291227,2024-04-19T21:44:30Z,"latin folk,latin indie","( Me Llamo ) Sebastián",0.437,0.219,9,-9.793,1,0.0317,0.882,0.00000318,0.129,0.23,108.91,4
spotify:track:0MkwaxQXpUMfjtJbcZHubr,"El sonido de los helicópteros","Dialéctica Negativa","Asamblea Internacional Del Fuego",2016-08-01,308323,20,false,12134291227,2024-04-19T21:45:13Z,"screamo,post-hardcore,hardcore punk,melodic hardcore","Andamios y Plataformas",0.49,0.96,4,-5.915,0,0.0637,0.0000515,0.395,0.456,0.359,112.106,3
spotify:track:4tlcX4PcsqmRKfZq7cGPhM,"Las Meninas","Mecanica Popular","Mecanica Popular",1999-10-08,348000,28,false,12134291227,2024-04-19T21:45:27Z,"latin rock,trova","Alerce",0.645,0.494,7,-9.232,1,0.0268,0.0382,0,0.087,0.239,121.82,4
spotify:track:0ikDcCBCWv4IjdOpimKiH4,"De Doble Filo","Comenzara De Nuevo","Como Asesinar a Felipes",2012-01-01,485453,0,false,12134291227,2024-04-19T21:45:43Z,"experimental hip hop,jazz rap","Koolarrow Records",0.563,0.498,0,-9.07,1,0.0296,0.226,0.0662,0.0809,0.357,108.316,3
spotify:track:4FzHvtkHowFwH9vXuDZRPJ,"Has Sabido Sufrir","La Nueva Canción Chilena","Electrodomésticos",2004-05-11,302167,41,false,12134291227,2024-04-19T21:45:53Z,"latin rock","Electrodomésticos",0.769,0.707,8,-6.034,1,0.0263,0.104,0,0.132,0.845,104.999,4
spotify:track:5YnyqAzEqPIspbfFEGdAhB,"Canto Sin Nombre","Embrujo","Embrujo",1971-01-01,265670,8,false,12134291227,2024-04-19T21:47:28Z,"art rock","Planet Blue Records USA",0.287,0.553,10,-11.917,0,0.0426,0.214,0.702,0.124,0.359,91.472,4
spotify:track:0FN8k6UEPL90YR4DI3neeZ,"El Bosque","Aves de Chile","Niño Cohete",2013-08-11,240320,0,false,12134291227,2024-04-19T21:48:56Z,"latin indie,latin folk","Lanzallamas",0.604,0.742,5,-7.425,0,0.0314,0.131,0.0158,0.172,0.532,93.937,4
spotify:track:6tiIpsIQWiJPQuCh0lxFhd,"Nueva Sociedad","La Leyenda de los Jockers","Los Jockers",1966-02-18,142546,0,false,12134291227,2024-04-19T21:49:48Z,"rock and roll","Arci Music",0.535,0.679,2,-5.357,1,0.0713,0.0318,0,0.224,0.822,118.581,4
spotify:track:6ygf36lTU1bMocl46hZOAG,"2022","Justo y Necesario","Fother Muckers",2008,251428,0,false,12134291227,2024-04-19T21:50:01Z,"latin indie,latin rock","CBA Discos",0.68,0.597,1,-6.627,1,0.0425,0.0298,0.00000216,0.0777,0.527,155.98,4
spotify:track:1MAUVCQleJfGqSH2F5Xf4Z,"Te Quiero","Lo Mejor de Pat Henry y los Diablos Azules","Pat Henry Y Los Diablos Azules",2022-06-07,193733,0,false,12134291227,2024-04-19T21:50:21Z,"","Suramericana Del Disco C.A.",0.835,0.643,6,-8.564,0,0.0367,0.0854,0.868,0.309,0.922,110.989,4
spotify:track:0bp2ufjj6T5v23OfflfEVd,"Reptil No Gentil","Amigurumi","Playa Gótica",2018-06-04,184938,0,false,12134291227,2024-04-19T21:50:34Z,"latin indie,alternative dance,latin alternative","Playa Gotica",0.742,0.675,11,-4.78,0,0.0291,0.0265,0.0314,0.379,0.776,120.016,4
spotify:track:1lxGbVZfRVwAt4e3P1HQlh,"Blues de Santiago","Bello Barrio","Mauricio Redoles;Son Ellos Mismos",1987,217386,0,false,12134291227,2024-04-19T21:50:49Z,"latin rock,spoken word","Beta Pictoris",0.734,0.926,2,-3.16,1,0.0595,0.26,0.000033,0.0962,0.875,127.01,4
spotify:track:7lRKE7AYuKqsUrDg0L0rsQ,"Nunca Jamás","Los Bric a Brac","Los Bric a Brac",2022-07-01,139493,0,false,12134291227,2024-04-19T21:51:00Z,"","ARCI",0.488,0.381,0,-12.836,1,0.031,0.279,0,0.0795,0.519,144.179,4
spotify:track:7tOAN6w4a1LD0iqkRnIrhZ,"1977","1977","Ana Tijoux",2010-04-27,201986,56,false,12134291227,2024-04-19T21:51:12Z,"latin hip hop","Nacional Records",0.697,0.685,9,-7.215,0,0.0421,0.00388,0.000506,0.0952,0.578,103.926,4
spotify:track:5LYqZtogscsMDzecFsPdJV,"Si Somos Americanos","Panal","Panal",2018-01-01,260433,11,false,12134291227,2024-04-19T21:51:26Z,"latin rock","WRECORDS",0.573,0.6,11,-8.258,1,0.0327,0.163,0.00338,0.533,0.807,127.015,4
spotify:track:4HsIQLLPaVc4hwYYsRESN2,"Rock N Roll Addiction","Crol (Vivo o Muerto)","Panzer Chile",1994-11-29,232594,2,false,12134291227,2024-04-19T21:51:48Z,"","Juanzer Records",0.431,0.992,9,-4.163,0,0.134,0.00387,0.865,0.186,0.222,108.78,4
spotify:track:6yhQPC5CpIRkjsPR0YYlGd,"Las cosas simples","Weichafe","Weichafe",2002-01-03,207906,0,false,12134291227,2024-04-19T21:52:00Z,"latin rock","Musica y Entretenimiento",0.563,0.64,5,-4.577,1,0.0274,0.02,0.000121,0.106,0.37,119.962,3
spotify:track:1MOz8heM3N6Qepr16NtKrt,"Cuando Miro En Tus Ojos","Informe Saiko","Saiko",1999,344333,47,false,12134291227,2024-04-19T21:52:11Z,"latin rock","EMI CHILE",0.612,0.944,10,-3.539,1,0.0406,0.148,0.00396,0.34,0.515,99.965,4
spotify:track:6Baq1ePlW4D8Ewsl8dFwzu,"Justicia","Patrimonio","Tryo",2018-02-06,381840,0,false,12134291227,2024-04-19T21:53:04Z,"progressive rock,progressive metal,krautrock","760280 Records DK",0.187,0.793,11,-7.074,1,0.0538,0.00000415,0.891,0.131,0.421,122.044,4
spotify:track:6W7c7B526zf3zAF3tptnyG,"Blues A Dos Mujeres","La Rue Morgue","La Rue Morgue",1997,197640,49,false,12134291227,2024-04-19T21:53:17Z,"latin rock","Sony Music Entertainment",0.728,0.441,0,-11.75,1,0.0498,0.519,0,0.146,0.638,120.023,4
spotify:track:3oD73KdaKOeRwpvph3znhM,"En Mi Lugar","Congelador","Congelador",1998-10-01,518453,0,false,12134291227,2024-04-19T21:55:09Z,"latin indie","Quemasucabeza",0.355,0.769,7,-7.07,1,0.0296,0.0000061,0.626,0.104,0.107,145.282,4
spotify:track:4SUxFLdV6bGJ6ITrseAzNW,"Sí Po'","De Algo Hay Que Morir","Diego Lorenzini",2019-08-30,182485,0,false,12134291227,2024-04-19T21:55:25Z,"latin indie","Uva Robot",0.764,0.433,5,-10.355,0,0.0578,0.921,0.0000933,0.112,0.704,93.813,4
spotify:track:3mxmtIpszltDrteIBE98lx,"Salón De Emociones","Viena","Viena",1987-04-20,226253,38,false,12134291227,2024-04-19T21:55:54Z,"latin rock","EMI Odeon Chilena S.A.",0.678,0.649,7,-8.531,1,0.034,0.279,0.00284,0.153,0.894,131.892,4
spotify:track:7Fg40aipfVUgFvUfrUzn80,"Incendie","Panal","Camila Moreno",2012,160496,0,false,12134291227,2024-04-19T21:56:09Z,"latin folk,trova,latin indie,latin alternative","Charco",0.358,0.878,7,-7.067,1,0.0659,0.137,0.00499,0.0599,0.762,172.365,5
spotify:track:4dCrW7sO0ZaFTziu4ZwCAu,"Sacar la Basura","Caída Libre","Los Ex",1996-08-09,162200,0,false,12134291227,2024-04-19T21:56:20Z,"latin rock","Beast Discos",0.617,0.948,11,-4.069,0,0.085,0.208,0,0.865,0.467,114.689,4
spotify:track:3EkrzuhAgUW4M9fE6wahzA,"Viento","Viento","Yorka;Gepe;Lido Pimienta",2021-10-08,309221,0,false,12134291227,2024-04-19T21:56:48Z,"latin indie,latin folk,latin alternative,electrocumbia","Yorka",0.532,0.557,4,-7.49,0,0.0427,0.537,0.0000436,0.12,0.552,93.144,4
spotify:track:2Rcz5kbNw9lzNfVBAznhGu,"El Cóndor","Fiskales Ad-Hok","Fiskales Ad-Hok",1993-01-01,202040,0,false,12134291227,2024-04-19T21:57:11Z,"punk,ska punk,hardcore punk,latin rock","Fiskales Ad-Hok",0.372,0.788,0,-13.358,1,0.0387,0.000376,0.0000161,0.247,0.274,100.405,4
spotify:track:6ftHPJyEHGqMaml3ZEwPm1,"Llueve Sobre La Ciudad","Vida De Perros","Los Bunkers",2005,236426,7,false,12134291227,2024-04-19T21:57:23Z,"latin rock,rock en español,latin alternative","Musica y Entretenimiento",0.486,0.794,9,-4.143,0,0.0336,0.0309,0,0.046,0.809,107.848,4
spotify:track:322LgcUL3uhHbpUQP57WUF,"Shock","La Bala","Ana Tijoux",2012,210040,47,false,12134291227,2024-04-19T21:57:34Z,"latin hip hop","Nacional Records",0.725,0.516,7,-9.853,1,0.312,0.188,0,0.0646,0.733,70.038,4
spotify:track:5zcz6UnJ38dZ0qaNt40cuR,"Dificil","Mil Recuerdos","Alan Y Sus Bates",2022-07-01,209880,0,false,12134291227,2024-04-19T21:57:49Z,"","ARCI",0.492,0.555,6,-10.848,0,0.0683,0.26,0.00175,0.179,0.663,167.246,4
spotify:track:1ojsn5WBIELDuAAahv55xR,"Despiertame","Sueños En Transito","Nicole",1997,240813,40,false,12134291227,2024-04-19T21:58:00Z,"latin rock","BMG Music",0.682,0.682,8,-8.746,1,0.0341,0.00297,0.753,0.299,0.246,112.691,4
spotify:track:7befTdwSsUM1MujlI9ak5b,"Transpiralo","Subliminal Kill","Panico;Crazy Girl",2010-03-30,239920,32,false,12134291227,2024-04-19T21:58:10Z,"electroclash","Tigersushi Records",0.682,0.916,3,-3.432,0,0.0508,0.0185,0.00238,0.194,0.821,150.186,4
spotify:track:7HQKdftOupOZb6xsxIWKnG,"Aunque Se","Aquel Beso","Luz Eliana",1980,126772,41,false,12134291227,2024-04-19T21:58:32Z,"","Rutvel Music Group, LLC",0.625,0.621,11,-9.658,1,0.0394,0.388,0,0.841,0.781,113.548,4
spotify:track:6bTpbSkKqpmbxtxUuRUoe0,"Aire","Elso Tumbay","Elso Tumbay",1997-12-04,228786,0,false,12134291227,2024-04-19T21:58:53Z,"latin alternative","Beast Discos",0.256,0.743,4,-7.094,1,0.0439,0.00099,0,0.282,0.589,117.326,4
spotify:track:0I4yBcnnswDmSndzb1zYBg,"CH-7","Hawaii","Aisles",2016-07-29,756638,0,false,12134291227,2024-04-19T21:59:05Z,"progressive rock,progressive metal,art rock","Aisles",0.421,0.583,4,-8.006,0,0.0307,0.0135,0.00724,0.184,0.186,134.018,1
spotify:track:6f0RM2KnIL0ei9HfQCmKX7,"Mi Compromiso","Boda Negra","La BIG Rabia",2018-05-24,286173,12,false,12134291227,2024-04-19T21:59:23Z,"bolero,son jarocho","Happy Place Records",0.847,0.478,1,-8.738,0,0.0404,0.868,0.0294,0.108,0.629,92.012,4
spotify:track:7tuACuijPSvfCR78bRY5Lh,"Corazón Desilucionado","Hogar Dulce Hogar","Machuca",1995-01-01,140400,42,false,12134291227,2024-04-19T21:59:34Z,"latin rock,punk,ska punk","EMI CHILE",0.508,0.888,2,-9.135,1,0.0313,0.000237,0.0881,0.252,0.69,101.281,4
spotify:track:0YLkH00Doh7W1IEEo9BA71,"La Bala","La Makinita","Juanafé",2011-03-08,213680,0,false,12134291227,2024-04-19T21:59:46Z,"cumbia","Juanafé",0.6,0.826,2,-5.654,1,0.0476,0.0555,0,0.0835,0.77,98.046,4
spotify:track:1rXl4pZQWZva8whEQENrI9,"Hijos de la Tierra","Hijos de la Tierra","Los Jaivas",1995-09-16,296693,3,false,12134291227,2024-04-19T21:59:57Z,"latin folklore,folclor andino,latin rock,latin folk,nueva trova","Los Jaivas",0.532,0.658,10,-12.856,0,0.0319,0.00239,0.0189,0.333,0.961,114.059,4
spotify:track:2SJZdhRHQEICu2dbzRPKpa,"No Sabes Que Desperdicio Tengo en el Alma","Se Remata el Siglo","Los Tres",1993,272013,38,false,12134291227,2024-04-19T22:00:07Z,"latin rock,rock en español,latin alternative","Columbia",0.198,0.881,7,-6.899,1,0.0527,0.00466,0.000562,0.097,0.62,176.895,4
spotify:track:5F1qBUKeV22jGhX7oIrOUf,"Apatrida","Apatrida","Nuclear",2012-07-25,225312,25,false,12134291227,2024-04-19T22:00:26Z,"thrash metal,groove metal,speed metal","Sick Bangers",0.547,0.979,9,-3.657,1,0.102,0.0032,0.00054,0.0984,0.369,100.14,4
spotify:track:0ip3MFKPt3q8ct6tjxU9XC,"Corazón De Sandía","Mama Funk","Los Tetas",1995,239093,49,false,12134291227,2024-04-19T22:00:36Z,"latin rock,funk rock,funk","EMI CHILE",0.773,0.533,2,-11.233,1,0.153,0.156,0.00571,0.109,0.764,90.022,4
spotify:track:2I2Tui8iHDWnUaJr02LWYB,"La Señal","Imposible","Rama",2013-04-21,235800,29,false,12134291227,2024-04-19T22:00:47Z,"nu metal,rap metal","Rama",0.309,0.905,5,-5.096,1,0.0653,0.0000315,0.000104,0.0766,0.335,173.014,4
spotify:track:5F38bWepavLdPnAP0s22Xo,"We Are Sudamerican Rockers","Ni Por La Razón, Ni Por La Fuerza (Edición Especial)","Los Prisioneros",1996-11-12,215226,41,false,12134291227,2024-04-19T22:01:00Z,"latin rock,rock en español","EMI Odeon Chilena S.A.",0.844,0.589,2,-9.859,1,0.212,0.184,0,0.103,0.962,141.462,4
spotify:track:115aU4mUhsHVAoUlTqWnKP,"La Fuerza Policial","Pateando Craneos","2X",2000,161666,0,true,12134291227,2024-04-19T22:01:14Z,"nu metal,rap metal","Pulpa Discos",0.332,0.947,1,-6.499,0,0.229,0.0265,0,0.797,0.624,88.35,4
spotify:track:6OPZsbZyZo0N4kLmyzWw1j,"Electroshock","Visceral","LiLiTS",2022-09-23,187093,1,false,12134291227,2024-04-19T22:01:27Z,"","Independiente",0.481,0.927,10,-4.518,0,0.0387,0.000074,0.0514,0.144,0.628,135.996,4
spotify:track:6Nmqg6NayPzIHUpWDGUSyL,"Horas contigo","AMOR MINIMAL","Cancamusa",2023-02-23,159254,0,false,12134291227,2024-04-19T22:02:10Z,"latin indie","SinclaviRecords",0.602,0.674,2,-7.032,1,0.0323,0.0398,0,0.115,0.572,95.022,4
spotify:track:62AJURuozndxVn9IcVxICK,"Embustera","Nosotros Somos","Los Tigres",2006-01-01,152093,35,false,12134291227,2024-04-19T22:02:33Z,"","EMI CHILE",0.661,0.674,0,-7.862,1,0.0285,0.518,0,0.218,0.934,111.915,4
spotify:track:6i00EcnNhf2Vor47rEHcpu,"Sleep, Work, Eat","My Life, My Canvas","Frank's White Canvas",2020-11-13,198361,0,false,12134291227,2024-04-19T22:02:46Z,"","Frank's White Canvas",0.544,0.707,6,-6.35,0,0.0398,0.00148,0.000063,0.747,0.71,91.496,4
spotify:track:4APAeNJuMjjsKh155KcwA5,"Tómbola","Monna Bell Vol.2: Sus EP's en Hispavox (1961-1965)","Monna Bell",2002-01-01,136730,7,false,12134291227,2024-04-19T22:03:41Z,"bolero","Rama Lama",0.562,0.814,8,-4.538,1,0.0372,0.44,0,0.114,0.967,92.931,4
spotify:track:2Boj9Hlsx7Z61TwWrcJ7Qj,"Qué Pacho","Cerrado Con Llave","González y los Asistentes",2001-07-10,205750,0,false,12134291227,2024-04-19T22:03:53Z,"latin rock,spoken word","4Parlantes",0.434,0.848,5,-8.069,0,0.0802,0.154,0.00175,0.0545,0.721,131.229,4
spotify:track:2nrdxMY3n4DHvmkwix4Ieq,"Tony Manero","Tumbao Rebelde","Santo Barrio",1997,175560,0,false,12134291227,2024-04-19T22:04:07Z,"ska,ska punk,latin rock","Musica y Entretenimiento",0.565,0.922,10,-5.662,0,0.0578,0.000168,0.531,0.0734,0.805,123.593,4
spotify:track:4iLjYx9Zcijv6QmRJYhegx,"Ausencia","Ausencia (Remastered)","Nadie",2021-05-29,318000,45,false,12134291227,2024-04-19T22:04:21Z,"latin rock","Emi Odeón Chilena S.A.",0.604,0.879,5,-5.998,1,0.0277,0.0403,0.000077,0.055,0.54,111.035,4
spotify:track:2VsUpIcml3SnvLfxar58rG,"Klara","Que Salgan los Dragones","Chinoy",2009-01-01,233800,0,false,12134291227,2024-04-19T22:04:39Z,"trova,nueva trova,latin folk","Chinoy",0.511,0.478,11,-9.242,1,0.0311,0.568,0,0.109,0.521,127.472,3
spotify:track:2FMqDh4Ul5Xm0YDQZUD1B8,"Estás Borracho","El Ataque de Zorrita","Venus",1996-09-13,158200,16,false,12134291227,2024-04-19T22:05:15Z,"latin rock","Bmg",0.339,0.85,7,-8.512,1,0.0702,0.0123,0.00000389,0.0804,0.619,178.901,4
spotify:track:3LseXfZ4ZTiKab1fBNG7VX,"La Puta Esperanza","Las Torres de Sal","Nano Stern",2011,325205,0,false,12134291227,2024-04-19T22:05:28Z,"trova,latin folk,nueva trova,latin folklore,folclor andino","NSP",0.628,0.612,2,-6.323,0,0.0276,0.475,0.000134,0.169,0.613,130.964,4
spotify:track:4WZII0yn1CSqW4ykwyCoB2,"Eden","La Dieta del Lagarto","Chancho En Piedra",1997-05-22,253640,39,false,12134291227,2024-04-19T22:05:37Z,"latin rock,funk rock","Alerce",0.556,0.917,7,-6.197,1,0.0477,0.021,0.0000106,0.234,0.784,116.83,4
spotify:track:0gWHg31biasRElqCjQ8RuM,"Sube a Nacer Conmigo Hermano","Alturas de Macchu Picchu","Los Jaivas",1981-10-20,286506,2,false,12134291227,2024-04-19T22:05:48Z,"latin folklore,folclor andino,latin rock,latin folk,nueva trova","Los Jaivas",0.595,0.804,3,-5.227,0,0.0468,0.482,0.0000637,0.106,0.909,109.901,4
spotify:track:2hqEl8h5YQbCZRzo6ANgEm,"Triza","Amor Celeste Imperial","Amanitas",2017-12-16,180200,28,false,12134291227,2024-04-19T22:05:57Z,"latin indie,latin alternative","Independiente",0,0.686,3,-5.194,1,0,0.011,0.00258,0.195,0,0,0
spotify:track:5ihkE5kMVm3hKSE1KLbNeF,"Hay un fuego","Hay un fuego","Natisú",2021-11-26,202724,0,false,12134291227,2024-04-19T22:06:14Z,"latin indie","Independiente",0.408,0.64,11,-8.546,0,0.0481,0.361,0.00121,0.09,0.11,127.885,4
spotify:track:50LcxeIZmfgpxdeNbTxZno,"Endless Eyes","Spark (Deluxe Edition)","Alain Johannes",2010-10-05,197786,22,false,12134291227,2024-04-19T22:06:31Z,"","Alain Johannes",0.21,0.834,8,-3.51,1,0.0734,0.301,0.00000244,0.0592,0.647,72.679,4
spotify:track:6oBDpo9sLOzI72YCcolIPV,"Estrecha a tu hermano - Remasterizado 2021","Viene... (Remasterizado 2021)","Congregacion",2022-04-08,213039,0,false,12134291227,2024-04-19T22:06:51Z,"candombe,latin folklore","ARCI",0.411,0.326,7,-14.349,1,0.0296,0.197,0.00102,0.11,0.711,132.258,4
spotify:track:2el13qIMOd8cripOqNohGB,"Mataz","Viajar","Lucybell",1996-10-07,345466,54,false,12134291227,2024-04-19T22:07:01Z,"latin rock,rock en español","EMI CHILE",0.739,0.583,11,-7.885,1,0.0356,0.0683,0.0131,0.307,0.662,90.037,4
spotify:track:3Z3sII9qUeih5wnRfOwv9h,"Luz","Tostado","Perrosky",2010-10-24,282906,16,false,12134291227,2024-04-19T22:07:13Z,"latin indie","Sello Algorecords",0.535,0.709,4,-9.091,1,0.087,0.61,0.0334,0.11,0.159,108.625,4
spotify:track:5Tz6nsiQ6dWKAMyyMyXFCi,"Claroscuro","Apgar:0","Rekiem",2001-01-15,296046,22,false,12134291227,2024-04-19T22:07:30Z,"nu metal,rap metal","Sonica Records",0.388,0.794,7,-10.811,1,0.217,0.0185,0.00067,0.529,0.124,129.436,4
spotify:track:4EFyQYoO9SUHo712A4wrOM,"Eternos Días de Invierno","Sanbernardo","Malcorazón",1995-12-22,311641,13,false,12134291227,2024-04-19T22:07:55Z,"","Alerce",0.361,0.532,2,-15.102,1,0.0413,0.0011,0,0.123,0.383,103.677,4
spotify:track:4wC9gXERsGfQdVgLvlWbEA,"Oleo","Encuentros Cercanos","Sien;Ruben Riveros;Daniela Rivera;Gabriel inostroza;tomas roca",1995-05-04,231990,10,false,12134291227,2024-04-19T22:08:14Z,"shoegaze,dream pop","1952529 Records DK",0.281,0.562,7,-8.282,1,0.0303,0.00000426,0.503,0.0759,0.277,159.989,4
spotify:track:6VaTebOeKrAl4yMwEFwoJ0,"Morir Aquí","Terra Ancestral","Crisálida",2015-10-09,297999,18,false,12134291227,2024-04-19T22:08:28Z,"progressive rock,progressive metal","Mechanix Records",0.499,0.661,0,-7.115,1,0.0354,0.00983,0.504,0.507,0.238,120.043,4
spotify:track:4wocSkmZnED0BlxTQrxy79,"Genio y Figura","Genio y Figura","Ocho Bolas",2002-06-30,184120,0,false,12134291227,2024-04-19T22:08:45Z,"","MúsicadelSur",0.29,0.953,7,-6.521,1,0.0742,0.000027,0.469,0.249,0.804,187.529,4
spotify:track:2CsFJYtN6kbVTgOMFRzoii,"Orgasmo para Dos","Tornasol","Mon Laferte",2013-01-07,243703,46,false,12134291227,2024-04-19T22:09:08Z,"latin alternative","Independiente",0.454,0.73,1,-4.385,0,0.0348,0.0311,0.000251,0.118,0.318,129.201,3
spotify:track:5NL0SXbEMtWkAVmzjQV8s5,"Cordillera","Amiga","Alex Anwandter",2016-04-08,262533,35,false,12134291227,2024-04-19T22:09:21Z,"latin indie,latin alternative,electropop","Alex Anwandter",0.721,0.679,1,-4.972,0,0.0294,0.00326,0.135,0.143,0.492,116.024,4
spotify:track:74bF0QbGKjWxgLkUY4hjWr,"Crepúsculo","Omi","Tobias Alcayota",1999-03-25,692000,2,false,12134291227,2024-04-19T22:09:38Z,"","Tobias Alcayota",0.228,0.746,0,-10.306,1,0.0377,0.0443,0.854,0.642,0.17,99.833,3
spotify:track:4yUNuWOVz2ABSIaXKWGh6E,"Te Enojai por Todo","22 Exitos Pajarones","Sinergia",2014-07-01,169986,0,false,12134291227,2024-04-19T22:09:56Z,"latin rock,funk rock","Pájaro Records",0.722,0.861,6,-6.216,1,0.037,0.0335,0,0.0733,0.837,130.027,4
spotify:track:7gUfZ0jWOxqbtgPxFbWvjW,"Hasta Poder Respirar","Porvenir","Kuervos del Sur",2009-10-09,272893,0,false,12134291227,2024-04-19T22:10:12Z,"latin rock","Altafonte bajo licencia exclusiva de Kuervos del Sur",0.302,0.748,11,-7.528,0,0.0676,0.0328,0,0.0944,0.82,178.207,3
spotify:track:1HTFA18BY5BmiinxbZJeMe,"Hablé Con Dios","Historias de un Hijo del Blues","La Banda del Capitan Corneta",2012-12-20,197066,0,false,12134291227,2024-04-19T22:10:40Z,"latin rock","Oveja Negra",0.629,0.908,2,-6.99,1,0.127,0.174,0.00000152,0.387,0.599,112.789,4
spotify:track:4NjSjZlZ5CjKkJC5eqC012,"Proverbios","Grandes Versiones","Javiera Parra",2001,240680,38,false,12134291227,2024-04-19T22:10:54Z,"latin rock","RCA Records Label",0.449,0.668,2,-8.498,0,0.0326,0.0546,0,0.0743,0.613,188.081,4
spotify:track:6vkSkhVYmRUXbFVLa6W8zG,"Ruidos","Capital","BBS Paranoicos",2003-06-22,173973,35,false,12134291227,2024-04-19T22:11:07Z,"melodic hardcore,punk,hardcore punk,latin rock,ska punk","Alerce",0.224,0.933,8,-4.132,1,0.201,0.00452,0.00222,0.129,0.282,193.146,4
spotify:track:3IkU7FVNlH9Vri8jDStNG7,"El Mal de Garrison","Tire y Empuje","Miss Garrison",2010-12-31,159982,0,false,12134291227,2024-04-19T22:11:20Z,"latin indie,latin alternative","Miss Garrison",0.276,0.968,4,-5.763,1,0.136,0.000483,0.0431,0.126,0.176,157.652,4
spotify:track:3iqZ8k8IDHQ7964JUjAtXn,"El Viejo Que Bailaba ""El Nuevo Estilo de Baile""","Mi Destino (Confesiones de Una Estrella del Rock)","Jorge González",1999-11-05,188133,13,false,12134291227,2024-04-19T22:12:35Z,"latin rock","Alerce",0.759,0.926,11,-7.525,0,0.0828,0.421,0.0307,0.283,0.643,119.964,4
spotify:track:62mwaHYHB2gFuLpxbkcXHl,"Premio de Consuelo","La Canción Que Te Debía","Congreso",2017-11-28,231346,0,false,12134291227,2024-04-19T22:12:53Z,"latin folklore,nueva trova,folclor andino,latin folk,trova,latin rock","MACHI",0.663,0.711,0,-7.471,1,0.0479,0.322,0.0000403,0.192,0.668,91.878,4
spotify:track:2JERdwsoL6dKXEakb5YYJp,"Algo Está Pasando","De Kiruza","De Kiruza",1988,259259,20,false,12134291227,2024-04-19T22:14:08Z,"latin rock","De Kiruza",0.683,0.851,1,-6.976,1,0.054,0.0276,0.000164,0.361,0.686,93.219,4
spotify:track:5Em7MA991Gn3yhheaul0CX,"Mentira","La Ley MTV Unplugged","La Ley",2001-09-04,288066,72,false,12134291227,2024-04-19T22:15:29Z,"rock en español,latin rock,latin alternative","WM Mexico",0.643,0.679,7,-6.382,1,0.0287,0.179,0.000014,0.7,0.491,132.199,4
spotify:track:2KanLveTiYxcpmC4D6bcK8,"Servú (Ronda)","Dramones","Familea Miranda",2010-11-15,260013,1,false,12134291227,2024-04-19T22:16:24Z,"math rock","BCore Disc",0.47,0.873,2,-6.208,0,0.107,0.00311,0.498,0.215,0.235,135.167,4
spotify:track:0QC10L4W2PMpxfoIhIEHLH,"Lobo Estepario","Donde Nacen los Vientos","Hielo Negro",2005-06-14,250213,21,false,12134291227,2024-04-19T22:16:42Z,"stoner rock,stoner metal","Hielo Negro",0.436,0.95,11,-6.93,0,0.0561,0.00143,0.00156,0.149,0.613,148.173,4
spotify:track:0lmX28jU1H6Zf02dzyvA9f,"Vuelvo a Vivir","Nuevos Tiempos","Fahrenheit",2006-03-01,232520,10,false,12134291227,2024-04-19T22:17:03Z,"aor","Fahrenheit",0.56,0.947,6,-4.171,1,0.067,0.0000217,0.000473,0.188,0.357,133.358,4
spotify:track:4jAXSGdLWPINLYokVVUsh9,"Dime Qué Pasa","Dime Qué Pasa","La Floripondio",2006-08-17,150094,0,false,12134291227,2024-04-19T22:17:20Z,"ska,reggae en español,latin rock,ska punk","La Floripondio",0.738,0.808,2,-6.06,1,0.0467,0.0184,0.835,0.294,0.896,112.25,1
spotify:track:5yWLs1RZPgExCvSTmVnWGc,"Me tienes loco","770","El Cruce",2011-03-16,214170,0,false,12134291227,2024-04-19T22:17:33Z,"latin rock,blues","Oveja Negra",0.441,0.767,9,-2.767,0,0.0313,0.428,0.00402,0.202,0.799,93.877,4
spotify:track:0aAX3PzSwgxfJ9ehPf98yp,"Muerte Astral","Vuelve a Arder","Yajaira",2012,222963,16,false,12134291227,2024-04-19T22:17:54Z,"stoner rock,stoner metal,sludge metal","BYM Records",0.498,0.673,5,-14.232,0,0.0349,0.00466,0.687,0.0944,0.29,136.571,4
spotify:track:4MtY4HDLtzzmGl63yXVJSZ,"Nunca Más","Agénesis","Cler Canifrú",2019-03-29,220500,0,false,12134291227,2024-04-19T22:18:10Z,"","Red Poncho",0.407,0.939,5,-4.331,1,0.0529,0.000809,0.000103,0.305,0.289,99.96,4
spotify:track:1DHWa8fT2ZiyfcUkeDpPG7,"Pera Madura","Pera Madura","Sergio Inostroza",1968-01-01,132027,37,false,12134291227,2024-04-19T22:18:36Z,"","Planet Blue Records USA",0.778,0.619,2,-8.784,1,0.0457,0.78,0.0468,0.0996,0.97,147.644,3
spotify:track:0zKSUGuA6r9x20w6hANZfQ,"Verde Claro","Mandrácula","Mandrácula",1998-12-11,225706,20,false,12134291227,2024-04-19T22:18:57Z,"latin rock","Alerce",0.589,0.65,9,-12.655,1,0.0287,0.0008,0.00293,0.0897,0.917,99.435,4
spotify:track:3TixN0F204L1fhiN3LmulO,"Una Razón","Sin Perdón","Sin Perdón",2005-05-01,301053,0,false,12134291227,2024-04-19T22:19:16Z,"melodic hardcore,hardcore,hardcore punk","Pulpa Discos",0.746,0.521,9,-8.572,1,0.0316,0.3,0.00000552,0.0697,0.552,119.988,4
spotify:track:6RTPhBy716vfQKcfCOVi3I,"Trees","II","Föllakzoid",2013-01-22,434989,34,false,12134291227,2024-04-19T22:20:19Z,"krautrock,space rock,neo-psychedelic,psychedelic rock,stoner rock","Sacred Bones Records",0.461,0.682,9,-11.27,1,0.0255,0.51,0.878,0.122,0.442,96.396,4
spotify:track:1hEPzLUP5xUWLhMrpMeDdE,"Wewo","La Mano Ajena","La Mano Ajena",2008-01-01,263626,16,false,12134291227,2024-04-19T22:20:47Z,"latin alternative","TUTL 2008",0.489,0.786,11,-6.06,0,0.141,0.0447,0.00234,0.113,0.608,122.686,4
spotify:track:3TKoXGYVPcXbxO07t8CEBl,"Viaje Fantastico - Remasterizado 2021","Juegos Prohibidos (Remasterizado 2021)","Beat 4",2022-05-06,169653,0,false,12134291227,2024-04-19T22:22:04Z,"","ARCI",0.567,0.427,7,-13.056,1,0.0299,0.0977,0,0.273,0.614,105.764,4
spotify:track:26AInMWUkuYLtMet3IHI4X,"El Ojo de Dios","I: Viento Sur","Bagual",2014-06-22,267480,0,false,12134291227,2024-04-19T22:23:14Z,"stoner rock,stoner metal,doom metal","Bagual",0.49,0.867,8,-4.5,1,0.0533,0.0000273,0.00126,0.389,0.397,130.027,4
spotify:track:4YdzIFRNNztAB1JF4AltPZ,"Ella Llora - Remastered","Que Nos Devuelvan La Emoción (Remastered)","Upa!",2020-10-16,287066,0,false,12134291227,2024-04-19T22:23:28Z,"latin rock","UPA",0.603,0.905,9,-7.993,1,0.0659,0.148,0.00147,0.164,0.782,157.755,4
spotify:track:1fwyd3uffoIUVw5FNoWaZg,"No Hay Nada Más Feo Que una Mujer Borracha","Lo Normal","Horregias",2017-10-20,192968,0,false,12134291227,2024-04-19T22:23:47Z,"riot grrrl","VACACI-O-NES",0.41,0.836,0,-4.714,1,0.0853,0.000689,0.000156,0.617,0.622,173.948,4
spotify:track:1j0jAzxLglyMQaA4C3oqZs,"Perro Rabioso","Round 3","Devil Presley",2007-01-08,131892,34,true,12134291227,2024-04-19T22:23:58Z,"","Devil Presley",0.503,0.816,0,-6.896,1,0.0315,0.018,0.00000248,0.402,0.44,92.151,4
spotify:track:3Yt7vScNXj7VtWeH8Ras00,"El Lagarto","I","Alejandro Silva",1999-01-01,186200,17,false,12134291227,2024-04-19T22:24:09Z,"","673062 Records DK2",0.34,0.93,4,-6.128,1,0.0673,0.000057,0.744,0.128,0.749,179.634,4
spotify:track:7EdwoFIHkKb5hW2hKMJYri,"La Historia No Me Convence, Solo Me Atraganta","En el Bunker","Fulano",1989-08-18,643213,12,false,12134291227,2024-04-19T22:24:47Z,"jazz fusion,progressive rock,indie jazz,latin rock","Alerce",0.448,0.528,2,-12.304,1,0.0689,0.0635,0.0496,0.0578,0.262,91.268,4
